timestamp_ms,sample_number,imu,ax,ay,az,gx,gy,gz
48432,0,0x6A,-9.550952,-12.443874,8.444270,0.195782,0.447917,0.948674
48432,0,0x6B,10.243674,-1.813760,-0.838684,1.581836,0.218384,1.418124
48435,1,0x6A,-9.684950,-12.643675,8.462217,0.298255,0.465479,1.012356
48435,1,0x6B,10.438688,-1.915455,-0.863809,1.579239,0.250913,1.474629
48437,2,0x6A,-9.808180,-12.917653,8.467003,0.402560,0.481515,1.078483
48437,2,0x6B,10.622936,-1.926222,-0.969093,1.584737,0.279165,1.534493
48440,3,0x6A,-9.935000,-13.138988,8.615358,0.492052,0.502895,1.141554
48440,3,0x6B,10.835897,-2.019542,-1.049253,1.587486,0.308334,1.595733
48442,4,0x6A,-9.990034,-13.368700,8.726624,0.583071,0.524886,1.204015
48442,4,0x6B,10.938789,-2.103291,-1.087538,1.592984,0.339641,1.657888
48445,5,0x6A,-10.066606,-13.578073,8.824731,0.669356,0.547183,1.264491
48445,5,0x6B,11.219945,-2.243271,-1.091127,1.598634,0.366672,1.724320
48447,6,0x6A,-10.104890,-13.872389,8.971889,0.750906,0.577115,1.319163
48447,6,0x6B,11.370693,-2.328217,-1.150948,1.615128,0.407600,1.824044
48450,7,0x6A,-10.119247,-14.248063,9.053245,0.827875,0.607506,1.376279
48450,7,0x6B,11.570494,-2.451447,-1.269392,1.632995,0.431271,1.887421
48452,8,0x6A,-10.128819,-14.440684,9.047263,0.918741,0.664774,1.452943
48452,8,0x6B,11.763116,-2.512464,-1.278964,1.653001,0.456622,1.952020
48455,9,0x6A,-10.053444,-14.561522,9.043673,0.955851,0.707535,1.502118
48455,9,0x6B,11.871989,-2.532803,-1.289732,1.680643,0.485027,2.017077
48457,10,0x6A,-10.072587,-14.660824,9.056834,0.976315,0.754266,1.545489
48457,10,0x6B,12.101701,-2.586641,-1.336391,1.702940,0.510836,2.084730
48460,11,0x6A,-9.950553,-14.719449,9.067601,0.977995,0.798554,1.591304
48460,11,0x6B,12.202198,-2.640480,-1.347159,1.729818,0.541990,2.150246
48462,12,0x6A,-9.951750,-14.882160,9.086744,0.968985,0.843910,1.634064
48462,12,0x6B,12.372089,-2.664408,-1.348356,1.750434,0.578489,2.218357
48465,13,0x6A,-9.920643,-15.016159,9.218349,0.946078,0.891100,1.682017
48465,13,0x6B,12.528819,-2.673980,-1.316052,1.777771,0.608116,2.282651
48467,14,0x6A,-9.962517,-15.276977,9.265010,0.916451,0.941954,1.733330
48467,14,0x6B,12.608979,-2.689533,-1.201197,1.794417,0.647059,2.343126
48470,15,0x6A,-9.978071,-15.625133,9.434900,0.870636,0.996168,1.793959
48470,15,0x6B,12.853046,-2.638087,-1.238286,1.808314,0.692110,2.406045
48472,16,0x6A,-9.999606,-15.890736,9.487542,0.779311,1.074970,1.868026
48472,16,0x6B,13.033705,-2.621337,-1.032503,1.809077,0.758695,2.495995
48475,17,0x6A,-9.976874,-16.116858,9.611969,0.699593,1.132239,1.927127
48475,17,0x6B,13.152149,-2.547160,-0.971486,1.804496,0.806189,2.553417
48477,18,0x6A,-10.034302,-16.320248,9.762717,0.614989,1.182635,1.976454
48477,18,0x6B,13.355539,-2.498107,-0.853041,1.787850,0.856586,2.610685
48480,19,0x6A,-10.059426,-16.540386,9.962517,0.522595,1.236086,2.022727
48480,19,0x6B,13.512270,-2.397608,-0.725025,1.766622,0.907135,2.668412
48482,20,0x6A,-10.134801,-16.777275,10.201799,0.439212,1.290147,2.072055
48482,20,0x6B,13.710874,-2.396412,-0.504886,1.726000,0.954477,2.724306
48485,21,0x6A,-10.232906,-17.021343,10.423136,0.371559,1.344514,2.125047
48485,21,0x6B,13.872389,-2.140380,-0.410369,1.691944,0.999834,2.780658
48487,22,0x6A,-10.353744,-17.332413,10.599008,0.319483,1.397354,2.183996
48487,22,0x6B,14.134403,-1.500300,-0.339781,1.631468,1.048245,2.839454
48490,23,0x6A,-10.345368,-17.740387,10.721042,0.268170,1.447903,2.236683
48490,23,0x6B,14.311473,-0.660419,-0.361316,1.540908,1.095434,2.917492
48492,24,0x6A,-10.363316,-17.985653,10.779666,0.224035,1.523193,2.322968
48492,24,0x6B,14.374882,0.562313,0.196211,1.414459,1.138500,3.012787
48495,25,0x6A,-10.340583,-18.227325,10.843076,0.148288,1.567175,2.383902
48495,25,0x6B,14.529219,-0.878166,0.290728,1.257466,1.175152,3.133281
48497,26,0x6A,-10.320245,-18.410379,10.938789,0.103542,1.611157,2.447584
48497,26,0x6B,14.609379,0.819542,0.781257,1.106888,1.202946,3.259119
48500,27,0x6A,-10.338190,-18.611376,11.082358,0.071471,1.653459,2.508823
48500,27,0x6B,14.715859,-4.534399,0.782453,1.013120,1.252426,3.306155
48502,28,0x6A,-10.247264,-18.831514,11.196017,0.046120,1.690875,2.584876
48502,28,0x6B,15.294923,-3.096313,2.572284,-0.280082,2.628247,5.003597
48618,29,0x6A,-4.571488,-22.863420,11.625528,1.484097,2.672994,5.003597
48618,29,0x6B,15.208781,-1.355534,3.278167,-0.378431,2.615572,5.003597
48621,30,0x6A,-4.214957,-22.565514,11.399407,1.567633,2.672535,5.003597
48621,30,0x6B,15.475581,-5.978468,2.474179,-0.471893,2.589916,5.003597
48623,31,0x6A,-4.054638,-22.323837,11.186446,1.655445,2.676201,5.003597
48623,31,0x6B,15.562919,-7.950153,1.787439,-0.498619,2.645046,5.003597
48626,32,0x6A,-3.887140,-22.059431,11.014162,1.704772,2.678644,5.003597
48626,32,0x6B,15.404993,-7.658229,2.863013,-0.502131,2.681546,5.003597
48628,33,0x6A,-3.793820,-21.751955,10.858629,1.749823,2.677269,5.003597
48628,33,0x6B,15.554543,-6.352944,3.544966,-0.555429,2.693305,4.970305
48631,34,0x6A,-3.604787,-21.434904,10.602597,1.780672,2.688265,5.003597
48631,34,0x6B,15.570097,-5.529813,4.466204,-0.673784,2.638480,4.959462
48633,35,0x6A,-3.480361,-21.064020,10.272388,1.806023,2.693152,5.003597
48633,35,0x6B,15.678970,-5.991628,4.309474,-0.748615,2.590221,4.954881
48636,36,0x6A,-3.328416,-20.775684,9.981660,1.808008,2.698344,5.003597
48636,36,0x6B,15.672989,-5.498706,4.697111,-0.813214,2.538145,4.951063
48638,37,0x6A,-3.213561,-20.468204,9.458828,1.794417,2.708271,5.003597
48638,37,0x6B,15.497116,-6.013163,4.766503,-0.875370,2.491261,4.955339
48641,38,0x6A,-3.169294,-20.082960,9.107083,1.761430,2.714227,5.003597
48641,38,0x6B,15.687346,-9.552149,3.525824,-0.866512,2.455220,4.899292
48643,39,0x6A,-3.208775,-19.758734,8.859426,1.694998,2.718503,5.003597
48643,39,0x6B,15.523438,-10.137194,3.982853,-0.824821,2.484236,4.773149
48646,40,0x6A,-3.227918,-19.465612,8.682358,1.637882,2.721863,5.003597
48646,40,0x6B,15.457634,-9.260223,4.183851,-0.769690,2.482098,4.648837
48648,41,0x6A,-3.218346,-19.219151,8.566306,1.586264,2.730873,5.003597
48648,41,0x6B,15.400207,-7.836494,5.155336,-0.746477,2.447737,4.571562
48651,42,0x6A,-3.201597,-18.961924,8.580662,1.540602,2.738662,5.003597
48651,42,0x6B,15.355940,-6.662815,5.280960,-0.750143,2.404366,4.552015
48653,43,0x6A,-3.153740,-18.686750,8.531610,1.496620,2.746756,5.003597
48653,43,0x6B,15.320046,-8.110473,5.387440,-0.734107,2.355496,4.544684
48656,44,0x6A,-3.129812,-18.472591,8.498111,1.449583,2.757293,5.003597
48656,44,0x6B,15.101104,-6.287141,5.589634,-0.662941,2.300366,4.508185
48658,45,0x6A,-3.132205,-18.391233,8.553144,1.408350,2.762791,5.003597
48658,45,0x6B,14.857035,-8.045866,5.916254,-0.643241,2.225535,4.543463
48661,46,0x6A,-3.243471,-18.405592,8.603394,1.373989,2.775772,5.003597
48661,46,0x6B,14.934803,-11.151750,3.987639,-0.532216,2.208125,4.471228
48663,47,0x6A,-3.274578,-18.501305,8.652448,1.342682,2.787378,5.003597
48663,47,0x6B,14.517255,-11.593226,4.935197,-0.394008,2.209194,4.347834
48666,48,0x6A,-3.196811,-18.460627,8.707481,1.298852,2.800206,5.003597
48666,48,0x6B,14.371293,-11.068002,5.167301,-0.277027,2.191479,4.227493
48668,49,0x6A,-3.010171,-18.355341,8.677571,1.268920,2.813493,5.003597
48668,49,0x6B,14.282759,-10.248459,5.708078,-0.170890,2.145969,4.141666
48671,50,0x6A,-2.784049,-18.100508,8.658429,1.243416,2.824335,5.003597
48671,50,0x6B,14.200207,-9.536594,6.032306,-0.088270,2.092519,4.087757
48673,51,0x6A,-2.568695,-17.781067,8.550752,1.215927,2.831208,5.003597
48673,51,0x6B,14.121243,-9.294920,6.070591,-0.001985,2.037999,4.050495
48676,52,0x6A,-2.415555,-17.481962,8.423933,1.193172,2.839302,5.003597
48676,52,0x6B,13.954943,-9.010174,6.135198,0.080176,1.989741,4.021937
48678,53,0x6A,-2.237289,-17.289339,8.372486,1.176832,2.841440,5.003597
48678,53,0x6B,13.641482,-8.441879,6.046663,0.169210,1.944231,4.002236
48681,54,0x6A,-2.240878,-17.121841,8.214561,1.172861,2.849381,5.003597
48681,54,0x6B,13.560126,-7.741978,5.869594,0.266490,1.883603,4.001320
48683,55,0x6A,-2.120041,-16.974684,8.188239,1.162324,2.846174,5.003597
48683,55,0x6B,13.326826,-6.844669,6.081358,0.429286,1.853823,4.026976
48686,56,0x6A,-2.015953,-16.934006,8.049455,1.147052,2.848617,5.003597
48686,56,0x6B,13.210774,-6.939186,5.885147,0.518625,1.809077,4.070806
48688,57,0x6A,-1.960918,-16.813168,7.848458,1.138958,2.848617,5.003597
48688,57,0x6B,6.077770,-1.202393,4.104887,-0.113010,2.880993,3.461773
48805,58,0x6A,1.581656,-6.734600,2.181058,1.071458,1.553736,5.003597
48805,58,0x6B,5.825326,-1.299303,4.334598,-0.195171,2.859613,3.446349
48808,59,0x6A,1.710868,-6.250053,2.063810,1.063516,1.525941,5.003597
48808,59,0x6B,5.562116,-1.411765,4.431507,-0.268933,2.830444,3.434437
48810,60,0x6A,1.779064,-5.837291,1.944168,1.054659,1.503492,5.003597
48810,60,0x6B,5.425725,-1.619941,4.317849,-0.328035,2.796846,3.421762
48813,61,0x6A,1.712065,-5.397011,1.830509,1.043205,1.486235,5.003597
48813,61,0x6B,5.313262,-1.762314,4.411169,-0.376140,2.767525,3.402825
48815,62,0x6A,1.753939,-4.846663,1.715654,1.018465,1.472185,5.003597
48815,62,0x6B,5.120641,-2.151147,4.124030,-0.408363,2.740494,3.389080
48818,63,0x6A,1.832902,-4.521238,1.598405,0.993267,1.453401,5.003597
48818,63,0x6B,4.939982,-2.435893,4.082156,-0.427300,2.725528,3.350901
48820,64,0x6A,1.788635,-4.275974,1.424926,0.940885,1.439504,5.003597
48820,64,0x6B,4.795217,-2.658426,4.082156,-0.446084,2.702926,3.315624
48823,65,0x6A,1.769492,-4.113262,1.290928,0.895223,1.421331,5.003597
48823,65,0x6B,4.567898,-2.688336,4.175476,-0.451277,2.694068,3.277903
48825,66,0x6A,1.752743,-4.013960,1.172483,0.859029,1.401936,5.003597
48825,66,0x6B,4.427918,-2.733800,4.088138,-0.446695,2.681393,3.242473
48828,67,0x6A,1.703690,-3.914658,1.058824,0.831082,1.386053,5.003597
48828,67,0x6B,4.319045,-2.757728,4.094120,-0.439518,2.687960,3.211930
48830,68,0x6A,1.716850,-3.789035,0.863809,0.811840,1.363298,5.003597
48830,68,0x6B,4.180261,-2.787638,3.982853,-0.432340,2.683684,3.177874
48833,69,0x6A,1.680958,-3.631108,0.687937,0.790001,1.337642,5.003597
48833,69,0x6B,4.082156,-2.975475,3.920640,-0.426995,2.691319,3.146261
48835,70,0x6A,1.786242,-3.422933,0.550349,0.770301,1.312597,5.003597
48835,70,0x6B,3.994817,-3.174079,3.900301,-0.429744,2.700941,3.115107
48838,71,0x6A,1.740778,-3.160919,0.565903,0.743118,1.287551,5.003597
48838,71,0x6B,3.942175,-3.433701,3.938586,-0.425162,2.718503,3.085938
48840,72,0x6A,1.726422,-3.085545,0.558724,0.688140,1.262048,5.003597
48840,72,0x6B,3.719643,-3.687340,4.278367,-0.413250,2.724306,3.059977
48843,73,0x6A,1.674976,-2.974278,0.608973,0.648433,1.252121,5.003597
48843,73,0x6B,3.571288,-3.884748,4.466204,-0.394772,2.721557,3.028364
48845,74,0x6A,1.777867,-2.791228,0.583849,0.611018,1.249525,5.003597
48845,74,0x6B,3.570091,-3.962514,4.546363,-0.372017,2.709646,3.007290
48848,75,0x6A,1.935793,-2.603391,0.488136,0.572228,1.248914,5.003597
48848,75,0x6B,3.450450,-4.140780,4.785645,-0.352164,2.697734,2.992018
48850,76,0x6A,2.126023,-2.360520,0.319442,0.532522,1.239446,5.003597
48850,76,0x6B,3.408576,-4.177869,4.859823,-0.333685,2.677117,2.978884
48853,77,0x6A,2.201397,-2.057827,0.144766,0.484263,1.230283,5.003597
48853,77,0x6B,3.184847,-4.371687,4.997410,-0.318719,2.657875,2.961475
48855,78,0x6A,2.293520,-1.832902,-0.059821,0.425009,1.219440,5.003597
48855,78,0x6B,3.084348,-4.543970,4.960321,-0.300698,2.624430,2.942232
48858,79,0x6A,2.413162,-1.574477,-0.126820,0.368657,1.206001,5.003597
48858,79,0x6B,2.885744,-4.724628,4.997410,-0.281914,2.595872,2.919478
48860,80,0x6A,3.016153,-1.166501,-0.161516,0.295659,1.168891,5.003597
48860,80,0x6B,2.744568,-5.014160,5.028517,-0.261756,2.566703,2.893669
48863,81,0x6A,2.782853,-1.147359,-0.567099,0.223424,1.138042,5.003597
48863,81,0x6B,2.622534,-5.370690,4.774878,-0.231212,2.541810,2.854420
48865,82,0x6A,2.391626,-1.068395,-0.807578,0.127824,1.116051,5.003597
48865,82,0x6B,2.544767,-5.576474,4.575077,-0.193033,2.516765,2.811965
48868,83,0x6A,2.054238,-0.768096,-0.955933,0.018021,1.098794,5.003597
48868,83,0x6B,2.292324,-5.745167,4.563113,-0.153022,2.501493,2.732400
48870,84,0x6A,1.758725,-0.638884,-0.847059,-0.063225,1.066418,5.003597
48870,84,0x6B,2.171487,-5.736792,4.462614,-0.090103,2.479960,2.679408
48873,85,0x6A,1.794617,-0.580260,-0.508475,-0.098960,1.030377,5.003597
48873,85,0x6B,1.984846,-5.682954,4.522435,-0.060323,2.463314,2.618321
48875,86,0x6A,1.916651,-0.422333,-0.348156,-0.102931,1.007470,5.003597
48875,86,0x6B,1.825724,-5.545367,4.566702,-0.037874,2.444988,2.561969
48992,87,0x6A,4.966303,8.157133,-1.372284,-0.446848,-0.261603,4.126090
48992,87,0x6B,-4.185047,-5.807380,2.219343,-0.526871,1.856419,1.722640
48995,88,0x6A,5.112266,8.390432,-1.154537,-0.390037,-0.274737,4.078442
48995,88,0x6B,-4.133601,-5.733203,2.200201,-0.486860,1.831069,1.725389
48997,89,0x6A,5.310870,8.556733,-1.036092,-0.324217,-0.279776,4.039346
48997,89,0x6B,-4.025924,-5.672186,2.153541,-0.457996,1.800373,1.726763
49000,90,0x6A,5.481957,8.752945,-1.009771,-0.243430,-0.288176,3.998266
49000,90,0x6B,-3.979264,-5.349155,2.216950,-0.427148,1.768607,1.725847
49002,91,0x6A,5.851648,8.994620,-1.020539,-0.164475,-0.296575,3.959170
49002,91,0x6B,-4.061816,-5.435297,2.154737,-0.412639,1.733788,1.726916
49005,92,0x6A,6.132805,9.265010,-1.082752,-0.081856,-0.306807,3.912439
49005,92,0x6B,-4.181458,-5.801398,2.171487,-0.397368,1.698969,1.717600
49007,93,0x6A,6.411568,9.534203,-1.122234,-0.004276,-0.320552,3.861737
49007,93,0x6B,-4.328616,-5.691329,2.202593,-0.364076,1.639410,1.693471
49010,94,0x6A,6.661619,9.978071,-1.192822,0.075136,-0.335976,3.807676
49010,94,0x6B,-4.505685,-3.824927,2.868994,-0.350179,1.583668,1.689959
49012,95,0x6A,6.792027,10.265209,-1.185644,0.147677,-0.356593,3.721086
49012,95,0x6B,-4.654040,-2.243271,3.199204,-0.372628,1.498147,1.749213
49015,96,0x6A,6.912865,10.645668,-1.119841,0.264047,-0.363312,3.658319
49015,96,0x6B,-4.773681,-4.182654,2.565106,-0.376598,1.423927,1.818393
49017,97,0x6A,7.073184,10.995021,-1.045663,0.343154,-0.368657,3.586848
49017,97,0x6B,-4.877769,-8.483753,0.244068,-0.296117,1.415527,1.762957
49020,98,0x6A,7.186843,11.326426,-0.973879,0.425620,-0.368046,3.510184
49020,98,0x6B,-5.532206,-9.761520,1.374677,-0.204793,1.430799,1.608408
49022,99,0x6A,7.334002,11.813366,-0.958325,0.502895,-0.369268,3.434590
49022,99,0x6B,-5.997610,-9.347562,1.933401,-0.170584,1.417513,1.450347
49025,100,0x6A,7.472785,12.199806,-0.972682,0.570548,-0.367130,3.351054
49025,100,0x6B,-6.342176,-8.390432,2.143969,-0.159894,1.366353,1.322981
49027,101,0x6A,7.686943,12.653246,-0.966700,0.625526,-0.369268,3.260493
49027,101,0x6B,-6.662815,-6.722635,2.219343,-0.145691,1.317025,1.241736
49030,102,0x6A,7.811369,13.054044,-0.965504,0.668287,-0.366061,3.160158
49030,102,0x6B,-6.643672,-5.906683,2.092523,-0.104000,1.263880,1.190576
49032,103,0x6A,7.879565,13.668999,-0.910469,0.704175,-0.359800,3.000265
49032,103,0x6B,-6.570691,-5.330013,1.830509,-0.043830,1.191798,1.186606
49035,104,0x6A,7.867601,14.066208,-0.957129,0.754877,-0.351400,2.890003
49035,104,0x6B,-6.474978,-4.930411,1.758725,-0.016341,1.145830,1.190424
49037,105,0x6A,7.788638,14.444273,-0.985843,0.786794,-0.333838,2.775008
49037,105,0x6B,-6.519246,-4.691129,1.770689,-0.002443,1.100474,1.195158
49040,106,0x6A,7.846066,14.809178,-1.043271,0.808633,-0.317344,2.659554
49040,106,0x6B,-6.452246,-4.618148,1.653440,-0.007025,1.049772,1.195921
49042,107,0x6A,7.917850,15.225531,-1.133002,0.823904,-0.297033,2.540436
49042,107,0x6B,-6.537192,-4.577470,1.497907,-0.027184,1.003193,1.187827
49045,108,0x6A,7.965706,15.661024,-1.257428,0.830471,-0.274584,2.413681
49045,108,0x6B,-6.580262,-4.540381,1.525424,-0.051313,0.962724,1.185537
49047,109,0x6A,7.998010,16.070196,-1.328017,0.822530,-0.250913,2.285400
49047,109,0x6B,-6.690332,-4.549952,1.386641,-0.073609,0.925919,1.183399
49050,110,0x6A,8.078170,16.375280,-1.243071,0.811687,-0.237932,2.148413
49050,110,0x6B,-6.736992,-4.503293,1.238286,-0.081092,0.893696,1.186606
49052,111,0x6A,8.033902,16.932808,-1.288535,0.798248,-0.212428,2.005623
49052,111,0x6B,-6.922436,-4.504489,1.138984,-0.082161,0.859029,1.193936
49055,112,0x6A,8.065009,17.222342,-1.362713,0.769079,-0.179594,1.802358
49055,112,0x6B,-7.063613,-4.615755,1.258625,-0.075442,0.828486,1.197601
49057,113,0x6A,8.085348,17.508284,-1.417747,0.742201,-0.156687,1.660332
49057,113,0x6B,-7.201200,-4.778467,1.185644,-0.060781,0.769232,1.194242
49060,114,0x6A,8.143971,17.804995,-1.400998,0.714254,-0.130267,1.508990
49060,114,0x6B,-7.338787,-4.914857,1.177269,-0.043830,0.727693,1.185384
49062,115,0x6A,8.142776,18.071793,-1.377069,0.684474,-0.107818,1.349249
49062,115,0x6B,-8.068598,-4.951946,4.183851,0.313832,-1.237460,0.852921
49184,116,0x6A,14.798412,19.974089,-7.109076,0.281914,-0.232129,-5.003597
49184,116,0x6B,-7.950153,-5.210371,4.368098,0.313068,-1.235780,0.849255
49186,117,0x6A,15.390635,19.371096,-6.920043,0.158825,-0.241444,-5.003597
49186,117,0x6B,-7.801798,-5.328816,4.384848,0.317650,-1.242958,0.834747
49189,118,0x6A,16.042679,18.784853,-6.811170,0.098655,-0.285274,-5.003597
49189,118,0x6B,-7.753942,-5.536992,4.693522,0.316581,-1.254412,0.824515
49191,119,0x6A,16.240088,18.459429,-7.125826,0.038637,-0.322537,-5.003597
49191,119,0x6B,-7.618747,-5.715257,4.728218,0.303295,-1.270447,0.804510
49194,120,0x6A,16.333408,17.802599,-7.619944,-0.018631,-0.329715,-5.003597
49194,120,0x6B,-7.463214,-5.918647,4.677968,0.284358,-1.282817,0.775952
49196,121,0x6A,16.146767,17.554943,-7.896315,-0.092852,-0.337961,-5.003597
49196,121,0x6B,-7.420143,-5.968896,4.749753,0.256563,-1.301906,0.739911
49199,122,0x6A,16.049858,17.302500,-7.797013,-0.202655,-0.340557,-5.003597
49199,122,0x6B,-7.300502,-5.967700,4.852644,0.216094,-1.324509,0.707382
49201,123,0x6A,16.339390,17.108681,-7.469196,-0.323453,-0.356134,-5.003597
49201,123,0x6B,-7.270591,-5.931807,4.748557,0.167988,-1.343445,0.672868
49204,124,0x6A,16.821543,16.780865,-6.842277,-0.459982,-0.373391,-5.003597
49204,124,0x6B,-7.215557,-5.970093,4.877769,0.105527,-1.377654,0.642630
49206,125,0x6A,17.300108,16.396816,-6.126823,-0.506102,-0.398131,-5.003597
49206,125,0x6B,-7.249056,-5.973681,4.957928,0.038026,-1.415527,0.610102
49209,126,0x6A,17.236700,16.027126,-5.535795,-0.510378,-0.403324,-5.003597
49209,126,0x6B,-7.233503,-6.082555,4.802395,-0.032070,-1.461190,0.576351
49211,127,0x6A,17.137396,15.556936,-5.038088,-0.460440,-0.430660,-5.003597
49211,127,0x6B,-7.180861,-6.167500,4.508078,-0.092393,-1.522582,0.519694
49214,128,0x6A,17.455641,15.030516,-4.362116,-0.368963,-0.483347,-5.003597
49214,128,0x6B,-7.124629,-6.291927,4.435097,-0.182801,-1.557095,0.477086
49216,129,0x6A,17.973688,14.304293,-3.804588,-0.259160,-0.540921,-5.003597
49216,129,0x6B,-7.159326,-6.543174,4.722235,-0.223882,-1.589777,0.433562
49219,130,0x6A,18.022739,13.838891,-3.626323,-0.149509,-0.584140,-5.003597
49219,130,0x6B,-7.087541,-6.506085,4.135994,-0.272751,-1.610088,0.381180
49221,131,0x6A,17.485550,13.189239,-3.594020,-0.052993,-0.633773,-5.003597
49221,131,0x6B,-7.022934,-6.276374,4.085745,-0.318566,-1.639104,0.332769
49224,132,0x6A,17.257036,13.046866,-3.523431,0.038332,-0.699288,-5.003597
49224,132,0x6B,-7.000203,-6.068198,4.131208,-0.392481,-1.661401,0.286038
49226,133,0x6A,17.297714,12.835100,-3.355934,0.076053,-0.756709,-5.003597
49226,133,0x6B,-7.089933,-5.759524,3.981657,-0.475100,-1.683392,0.241139
49229,134,0x6A,17.799011,12.812369,-3.347559,0.127824,-0.818101,-5.003597
49229,134,0x6B,-7.170093,-5.540581,4.256832,-0.567036,-1.716837,0.206472
49231,135,0x6A,17.850456,12.443874,-3.485146,0.210138,-0.893238,-5.003597
49231,135,0x6B,-7.125826,-5.337191,4.494917,-0.654237,-1.751962,0.176693
49234,136,0x6A,16.846668,11.880364,-3.841677,0.315817,-0.962113,-5.003597
49234,136,0x6B,-7.113862,-5.093123,4.609773,-0.730137,-1.791668,0.149204
49236,137,0x6A,16.543976,11.925829,-4.242475,0.409432,-1.030224,-5.003597
49236,137,0x6B,-7.123433,-5.011767,5.036891,-0.805273,-1.855350,0.105832
49239,138,0x6A,16.859829,11.018949,-5.989235,0.507476,-1.156673,-5.003597
49239,138,0x6B,-6.959525,-4.878965,5.184050,-0.894154,-1.896889,0.079565
49241,139,0x6A,19.001404,11.743974,-5.702096,0.684322,-1.358412,-5.003597
49241,139,0x6B,-6.855437,-4.719843,5.440083,-0.932180,-1.933236,0.053145
49244,140,0x6A,18.044275,11.484352,-6.222536,0.591012,-1.356732,-5.003597
49244,140,0x6B,-6.701100,-4.536791,5.556134,-0.972039,-1.965153,0.029322
49246,141,0x6A,17.866011,11.444871,-7.433304,0.442572,-1.447598,-5.003597
49246,141,0x6B,-6.457032,-4.359723,5.657829,-1.000292,-1.997987,0.003512
49249,142,0x6A,18.664017,11.435300,-7.470392,0.289703,-1.561982,-5.003597
49249,142,0x6B,-6.321837,-4.206582,5.834898,-1.029461,-2.019673,-0.021991
49251,143,0x6A,18.929621,10.957932,-7.098308,0.036346,-1.598023,-5.003597
49251,143,0x6B,3.183650,-4.523632,-0.406780,-2.729346,-2.140472,-3.775300
49367,144,0x6A,31.696526,-18.345772,14.049458,-1.751351,-1.091005,-5.003597
49367,144,0x6B,2.970689,-3.443272,-0.343370,-2.737440,-2.087632,-4.082718
49370,145,0x6A,31.587650,-16.889738,14.276776,-0.897514,-1.046412,-5.003597
49370,145,0x6B,2.845066,-2.737389,-1.089931,-2.870150,-1.975691,-4.412738
49372,146,0x6A,31.578081,-15.298512,13.969298,-0.018631,-0.995710,-5.003597
49372,146,0x6B,2.525624,-3.416951,-0.458226,-2.952770,-1.883603,-4.730693
49375,147,0x6A,31.363922,-13.617554,12.886547,0.824057,-0.972192,-5.003597
49375,147,0x6B,1.976472,-4.376472,-0.620938,-3.002708,-1.769524,-4.991838
49377,148,0x6A,31.295729,-11.693724,11.130215,1.523040,-0.991587,-5.003597
49377,148,0x6B,1.625923,-5.137390,0.932004,-2.872288,-1.735926,-5.003597
49380,149,0x6A,31.384262,-9.608379,9.028120,1.972484,-1.036027,-5.003597
49380,149,0x6B,1.639084,-4.938786,-0.381655,-2.736676,-1.690722,-5.003597
49382,150,0x6A,31.629526,-7.704889,5.850451,2.121840,-1.102154,-5.003597
49382,150,0x6B,1.548156,-5.406582,1.288535,-2.669939,-1.605354,-5.003597
49385,151,0x6A,32.141590,-5.465207,4.232903,1.981036,-1.194089,-5.003597
49385,151,0x6B,1.402194,-5.793024,0.259621,-2.460871,-1.588250,-5.003597
49387,152,0x6A,32.261230,-4.570292,3.296113,1.335351,-1.306641,-5.003597
49387,152,0x6B,1.703690,-4.951946,0.635294,-2.224466,-1.521665,-5.003597
49390,153,0x6A,32.322250,-4.145566,2.941976,0.711047,-1.335504,-5.003597
49390,153,0x6B,1.380659,-6.551549,0.547956,-2.083814,-1.492344,-5.003597
49392,154,0x6A,32.567513,-4.078567,3.060420,0.038332,-1.335351,-5.003597
49392,154,0x6B,1.367498,-6.583851,1.794617,-1.791210,-1.554499,-5.003597
49395,155,0x6A,32.871403,-4.510471,3.751946,-0.556956,-1.316262,-5.003597
49395,155,0x6B,1.739582,-6.014360,0.396012,-1.580919,-1.611615,-5.003597
49397,156,0x6A,33.492340,-4.730610,4.500899,-1.077566,-1.241889,-5.003597
49397,156,0x6B,1.916651,-5.800202,1.445265,-1.423163,-1.689195,-5.003597
49400,157,0x6A,33.809391,-5.115855,5.227121,-1.497994,-1.169501,-5.003597
49400,157,0x6B,2.282753,-4.895715,-0.169890,-1.353372,-1.758681,-5.003597
49402,158,0x6A,33.919456,-5.466404,6.362515,-1.819768,-1.095892,-5.003597
49402,158,0x6B,2.486143,-4.451847,0.563510,-1.360091,-1.823585,-5.003597
49405,159,0x6A,34.155148,-6.053841,6.981060,-2.044566,-1.024421,-5.003597
49405,159,0x6B,2.761317,-3.572484,-0.934397,-1.416902,-1.887421,-5.003597
49407,160,0x6A,34.329823,-6.539584,7.305287,-2.255314,-0.881937,-5.003597
49407,160,0x6B,2.807977,-3.036492,-0.783650,-1.541671,-1.945759,-5.003597
49410,161,0x6A,34.522449,-6.854240,7.426126,-2.293646,-0.801608,-5.003597
49410,161,0x6B,3.169294,-2.087738,-1.435694,-1.657277,-2.027614,-5.003597
49412,162,0x6A,34.951962,-7.190432,7.511070,-2.281124,-0.729831,-5.003597
49412,162,0x6B,3.504289,-2.484946,-1.099502,-1.828778,-2.127644,-5.003597
49415,163,0x6A,34.997425,-7.746763,7.478767,-2.210416,-0.666454,-5.003597
49415,163,0x6B,4.055834,-1.813760,-2.876173,-1.938275,-2.163379,-5.003597
49417,164,0x6A,34.754551,-8.172686,7.477571,-2.083050,-0.624304,-5.003597
49417,164,0x6B,4.340580,-1.674976,-1.539781,-1.973553,-2.228436,-5.003597
49420,165,0x6A,34.968712,-8.784052,7.520642,-1.912466,-0.551306,-5.003597
49420,165,0x6B,4.821537,-1.372284,-3.194418,-2.059990,-2.251802,-5.003597
49422,166,0x6A,35.700912,-9.583255,7.412964,-1.699733,-0.520610,-5.003597
49422,166,0x6B,5.144568,-1.493121,-1.752743,-2.087327,-2.300213,-5.003597
49425,167,0x6A,36.270405,-9.984053,6.800402,-1.513419,-0.481056,-5.003597
49425,167,0x6B,5.682954,-0.988236,-3.347559,-2.136348,-2.337628,-5.003597
49427,168,0x6A,36.762135,-10.071390,6.111269,-1.254564,-0.475406,-5.003597
49427,168,0x6B,6.072984,-0.602991,-1.817349,-2.166281,-2.373517,-5.003597
49430,169,0x6A,37.155750,-10.250853,5.495117,-1.064127,-0.455705,-5.003597
49430,169,0x6B,6.693922,0.131605,-3.171686,-2.214081,-2.404671,-5.003597
49433,170,0x6A,36.860237,-9.811769,4.876573,-0.807717,-0.406684,-5.003597
49433,170,0x6B,7.243074,0.317049,-2.548356,-2.274709,-2.423150,-5.003597
49550,171,0x6A,39.182472,-13.058830,2.949154,-4.428773,5.003597,-5.003597
49550,171,0x6B,36.049068,-6.952346,-11.825330,-5.003597,3.592804,-5.003597
49553,172,0x6A,39.182472,-12.885350,2.907279,-4.645783,5.003597,-5.003597
49553,172,0x6B,35.949764,-7.048059,-11.956936,-5.003597,3.670842,-5.003597
49555,173,0x6A,39.182472,-13.056437,3.052045,-4.821712,5.003597,-5.003597
49555,173,0x6B,35.755951,-7.015756,-10.892129,-5.003597,3.840968,-5.003597
49558,174,0x6A,39.182472,-12.803994,3.243471,-4.964654,5.003597,-5.003597
49558,174,0x6B,35.382668,-6.515656,-11.367105,-5.003597,3.936110,-5.003597
49560,175,0x6A,39.182472,-13.058830,3.235096,-5.003597,5.003597,-5.003597
49560,175,0x6B,34.905300,-6.205786,-10.734202,-5.003597,4.007276,-5.003597
49563,176,0x6A,39.182472,-12.704693,3.078367,-5.003597,5.003597,-5.003597
49563,176,0x6B,34.395630,-5.224728,-11.138590,-5.003597,4.064239,-5.003597
49565,177,0x6A,39.182472,-12.764513,3.087938,-4.997183,5.003597,-5.003597
49565,177,0x6B,33.969707,-4.532006,-11.467603,-5.003597,4.134336,-5.003597
49568,178,0x6A,39.182472,-12.935598,3.109473,-4.896543,5.003597,-5.003597
49568,178,0x6B,33.608391,-4.036692,-11.943774,-5.003597,4.212985,-5.003597
49570,179,0x6A,39.182472,-13.111472,2.791228,-4.741230,5.003597,-5.003597
49570,179,0x6B,33.439701,-4.053442,-12.540783,-5.003597,4.323093,-5.003597
49573,180,0x6A,39.182472,-12.082558,2.310270,-4.650517,5.003597,-5.003597
49573,180,0x6B,33.099915,-3.777071,-12.911671,-5.003597,4.446488,-5.003597
49575,181,0x6A,39.182472,-11.983255,2.276771,-4.586834,5.003597,-5.003597
49575,181,0x6B,32.882168,-3.524628,-13.560126,-5.003597,4.595386,-5.003597
49578,182,0x6A,39.182472,-11.602797,2.335395,-4.537965,5.003597,-5.003597
49578,182,0x6B,32.355747,-4.529613,-13.916656,-5.003597,4.761389,-5.003597
49580,183,0x6A,39.182472,-11.127822,2.435893,-4.529566,5.003597,-5.003597
49580,183,0x6B,32.000416,-5.298906,-14.147565,-5.003597,4.968472,-5.003597
49583,184,0x6A,39.182472,-9.929018,2.764907,-4.549877,5.003597,-5.003597
49583,184,0x6B,31.487154,-5.538188,-14.306686,-5.003597,5.003597,-5.003597
49585,185,0x6A,39.182472,-9.329616,3.250650,-4.555986,5.003597,-5.003597
49585,185,0x6B,30.917662,-5.225925,-14.623736,-5.003597,5.003597,-5.003597
49588,186,0x6A,39.182472,-8.934800,3.661019,-4.440837,5.003597,-5.003597
49588,186,0x6B,30.295527,-4.825127,-14.823536,-5.003597,5.003597,-5.003597
49590,187,0x6A,39.182472,-8.494520,3.835695,-4.264144,5.003597,-5.003597
49590,187,0x6B,29.600414,-4.559524,-14.476578,-5.003597,5.003597,-5.003597
49593,188,0x6A,39.182472,-7.802995,3.628716,-4.047135,5.003597,-5.003597
49593,188,0x6B,28.798819,-4.773681,-14.611772,-5.003597,5.003597,-5.003597
49595,189,0x6A,39.182472,-7.195218,3.245864,-3.800498,5.003597,-5.003597
49595,189,0x6B,28.551161,-5.264209,-15.145372,-5.003597,5.003597,-5.003597
49598,190,0x6A,39.182472,-6.391230,2.791228,-3.598607,5.003597,-5.003597
49598,190,0x6B,28.043880,-6.162715,-15.256638,-5.003597,5.003597,-5.003597
49601,191,0x6A,39.182472,-5.516652,2.542374,-3.490789,5.003597,-5.003597
49601,191,0x6B,27.400211,-6.685547,-16.274784,-5.003597,5.003597,-5.003597
49603,192,0x6A,39.182472,-4.746163,2.713461,-3.498272,5.003597,-5.003597
49603,192,0x6B,26.306694,-7.210771,-16.275980,-5.003597,5.003597,-5.003597
49606,193,0x6A,39.182472,-4.244868,3.000600,-3.610519,5.003597,-5.003597
49606,193,0x6B,25.537401,-6.921240,-16.487743,-5.003597,5.003597,-5.003597
49608,194,0x6A,39.182472,-4.194618,3.046063,-3.867082,5.003597,-5.003597
49608,194,0x6B,24.881767,-6.544370,-16.297516,-5.003597,5.003597,-5.003597
49611,195,0x6A,39.182472,-4.152744,3.079563,-4.012163,5.003597,-5.003597
49611,195,0x6B,24.264418,-6.533602,-16.150356,-5.003597,5.003597,-5.003597
49613,196,0x6A,39.182472,-3.897908,3.043670,-4.146553,5.003597,-5.003597
49613,196,0x6B,23.535805,-6.570691,-15.671792,-5.003597,5.003597,-5.003597
49616,197,0x6A,39.182472,-3.754339,2.894119,-4.290717,5.003597,-5.003597
49616,197,0x6B,23.030918,-6.202196,-15.371493,-5.003597,5.003597,-5.003597
49618,198,0x6A,39.182472,-3.479164,2.563910,-4.469701,5.003597,-5.003597
49618,198,0x6B,14.069797,-1.439283,-14.017156,-5.003597,5.003597,3.010955
49737,199,0x6A,39.182472,-11.237891,3.621537,-5.003597,5.003597,1.809688
49737,199,0x6B,13.439289,-2.220540,-13.234702,-5.003597,5.003597,3.187037
49739,200,0x6A,39.182472,-11.164911,3.448057,-5.003597,5.003597,2.022422
49739,200,0x6B,12.703495,-3.121437,-12.303895,-5.003597,5.003597,3.349527
49742,201,0x6A,39.182472,-11.129018,3.205186,-5.003597,5.003597,2.240501
49742,201,0x6B,12.134003,-3.802195,-11.918650,-5.003597,5.003597,3.488498
49744,202,0x6A,39.182472,-11.131412,2.880959,-5.003597,5.003597,2.444988
49744,202,0x6B,11.351551,-4.620541,-10.563116,-5.003597,5.003597,3.631594
49747,203,0x6A,39.182472,-11.135000,2.537588,-5.003597,5.003597,2.649323
49747,203,0x6B,10.657632,-5.351548,-10.230514,-5.003597,5.003597,3.771787
49749,204,0x6A,39.182472,-11.076376,2.027917,-5.003597,5.003597,2.850450
49749,204,0x6B,9.966106,-6.250053,-9.098708,-5.003597,5.003597,3.902207
49752,205,0x6A,39.182472,-11.340783,1.730011,-5.003597,5.003597,3.112816
49752,205,0x6B,9.422935,-7.002595,-8.847462,-5.003597,5.003597,4.020257
49754,206,0x6A,39.182472,-11.588441,1.552942,-5.003597,5.003597,3.262479
49754,206,0x6B,8.825927,-7.820941,-7.584052,-5.003597,5.003597,4.137237
49757,207,0x6A,39.181274,-11.810972,1.467997,-5.003597,5.003597,3.388164
49757,207,0x6B,7.704889,-9.108279,-6.652047,-5.003597,5.003597,4.256356
49759,208,0x6A,39.025742,-12.031113,1.275375,-5.003597,5.003597,3.495371
49759,208,0x6B,7.032506,-9.973285,-6.037091,-5.003597,5.003597,4.431216
49762,209,0x6A,38.823547,-12.072988,1.100698,-5.003597,5.003597,3.582877
49762,209,0x6B,6.404390,-10.910075,-5.536992,-5.003597,5.003597,4.545143
49764,210,0x6A,38.505302,-12.040684,0.843470,-5.003597,5.003597,3.658930
49764,210,0x6B,5.877969,-11.815759,-5.255835,-5.003597,5.003597,4.660138
49767,211,0x6A,37.753956,-11.607583,0.380459,-5.003597,5.003597,3.730248
49767,211,0x6B,5.397011,-12.610176,-4.950750,-5.003597,5.003597,4.778035
49769,212,0x6A,37.363926,-11.544173,-0.649651,-5.003597,5.003597,3.799276
49769,212,0x6B,5.039285,-13.290933,-4.764110,-5.003597,5.003597,4.901430
49772,213,0x6A,36.562332,-12.191432,-0.937986,-5.003597,5.003597,3.849062
49772,213,0x6B,4.851448,-13.923836,-4.744967,-5.003597,5.003597,4.997183
49774,214,0x6A,36.064625,-12.646069,-0.746561,-5.003597,5.003597,3.925267
49774,214,0x6B,4.756931,-14.706288,-4.825127,-5.003597,5.003597,5.003597
49777,215,0x6A,35.662628,-13.056437,-0.291924,-5.003597,5.003597,4.008345
49777,215,0x6B,4.834698,-15.476777,-5.087141,-5.003597,5.003597,5.003597
49779,216,0x6A,35.467613,-13.153347,0.283549,-5.003597,5.003597,4.100891
49779,216,0x6B,5.003392,-16.119249,-5.791827,-5.003597,5.003597,5.003597
49782,217,0x6A,35.379082,-13.458431,1.167697,-5.003597,5.003597,4.204280
49782,217,0x6B,5.447261,-17.178074,-6.302695,-5.003597,5.003597,5.003597
49784,218,0x6A,35.619560,-14.036297,2.328217,-5.003597,5.003597,4.314236
49784,218,0x6B,5.821737,-17.207985,-7.229914,-5.003597,5.003597,5.003597
49787,219,0x6A,35.956944,-14.602201,3.455236,-5.003597,5.003597,4.416861
49787,219,0x6B,5.997610,-18.156738,-7.331609,-5.003597,5.003597,5.003597
49789,220,0x6A,36.573097,-15.276977,4.375276,-5.003597,5.003597,4.530482
49789,220,0x6B,6.239285,-18.637695,-7.275377,-5.003597,5.003597,5.003597
49792,221,0x6A,37.426140,-16.240088,5.168497,-5.003597,5.003597,4.637078
49792,221,0x6B,6.606584,-18.975084,-7.893922,-5.003597,5.003597,5.003597
49794,222,0x6A,38.171505,-16.613367,5.227121,-5.003597,5.003597,4.789489
49794,222,0x6B,7.008578,-19.134207,-7.954939,-5.003597,5.003597,5.003597
49797,223,0x6A,38.620159,-16.944773,4.724628,-5.003597,5.003597,4.891503
49797,223,0x6B,7.305287,-19.131813,-8.755338,-4.892725,5.003597,5.003597
49799,224,0x6A,38.804405,-16.972292,3.951746,-5.003597,5.003597,4.983133
49799,224,0x6B,7.381858,-18.972691,-8.475378,-4.579351,5.003597,5.003597
49802,225,0x6A,39.013779,-16.926828,3.071188,-5.003597,4.997641,5.003597
49802,225,0x6B,7.341180,-18.727427,-8.781659,-4.294230,5.003597,5.003597
49804,226,0x6A,38.989853,-16.996222,2.187040,-5.003597,4.920367,5.003597
49804,226,0x6B,-13.836497,-12.196217,-13.508680,-2.306780,-1.151328,5.003597
49922,227,0x6A,39.182472,-22.460228,-20.598616,-5.003597,-1.465466,5.003597
49922,227,0x6B,-13.727623,-12.209378,-12.370893,-2.391996,-1.306793,5.003597
49925,228,0x6A,39.182472,-22.374088,-23.077578,-5.003597,-1.680643,5.003597
49925,228,0x6B,-13.066009,-11.607583,-12.788441,-2.402075,-1.492496,5.003597
49927,229,0x6A,39.182472,-22.108484,-24.748966,-5.003597,-2.001805,5.003597
49927,229,0x6B,-11.650653,-10.728221,-12.185451,-2.458580,-1.638188,5.003597
49930,230,0x6A,39.182472,-21.135803,-25.471598,-5.003597,-2.355802,5.003597
49930,230,0x6B,-10.962717,-9.720841,-11.819347,-2.512489,-1.852296,5.003597
49932,231,0x6A,39.182472,-22.313072,-23.241486,-5.003597,-2.637716,5.003597
49932,231,0x6B,-10.506885,-8.986245,-11.046466,-2.591290,-2.009899,5.003597
49935,232,0x6A,39.182472,-23.352755,-21.449265,-5.003597,-2.925128,5.003597
49935,232,0x6B,-9.996017,-8.350951,-10.943574,-2.704911,-2.182774,5.003597
49937,233,0x6A,39.182472,-24.065815,-21.317657,-5.003597,-3.196505,5.003597
49937,233,0x6B,-9.477971,-7.881958,-11.167304,-2.851519,-2.352900,5.003597
49940,234,0x6A,39.182472,-23.758335,-22.558336,-5.003597,-3.603647,5.003597
49940,234,0x6B,-9.247063,-7.409376,-10.995021,-3.042873,-2.499355,5.003597
49942,235,0x6A,39.182472,-23.277378,-24.518057,-5.003597,-3.976733,5.003597
49942,235,0x6B,-9.320044,-6.960721,-10.322637,-3.257286,-2.661998,5.003597
49945,236,0x6A,39.182472,-23.239094,-25.779076,-5.003597,-4.334700,5.003597
49945,236,0x6B,-9.564113,-6.620940,-9.841680,-3.519805,-2.845105,5.003597
49947,237,0x6A,39.182472,-23.398216,-26.065018,-5.003597,-4.705495,5.003597
49947,237,0x6B,-9.863214,-5.940182,-9.682557,-3.833790,-3.057075,5.003597
49950,238,0x6A,39.182472,-23.443682,-26.056643,-5.003597,-4.993670,5.003597
49950,238,0x6B,-10.693524,-6.289534,-8.627322,-4.266436,-3.298061,5.003597
49952,239,0x6A,39.182472,-22.744976,-26.940790,-5.003597,-5.003597,5.003597
49952,239,0x6B,-11.854043,-7.416553,-8.793623,-4.544532,-3.582725,5.003597
49955,240,0x6A,39.182472,-22.447071,-27.409782,-5.003597,-5.003597,5.003597
49955,240,0x6B,-12.429518,-7.953743,-8.916854,-4.747644,-4.055534,5.003597
49957,241,0x6A,39.182472,-22.080969,-27.629925,-5.003597,-5.003597,5.003597
49957,241,0x6B,-13.054044,-8.257631,-9.390633,-4.991838,-4.388608,5.003597
49960,242,0x6A,39.182472,-22.010380,-27.080769,-5.003597,-5.003597,5.003597
49960,242,0x6B,-13.473985,-8.779266,-10.511670,-5.003597,-4.697401,5.003597
49962,243,0x6A,39.182472,-21.955343,-26.596224,-5.003597,-5.003597,5.003597
49962,243,0x6B,-13.703696,-9.243474,-11.410174,-5.003597,-4.977330,5.003597
49965,244,0x6A,39.182472,-21.597618,-26.061430,-5.003597,-5.003597,5.003597
49965,244,0x6B,-13.627124,-10.060623,-12.860226,-5.003597,-5.003597,5.003597
49967,245,0x6A,39.182472,-21.329622,-24.469004,-5.003597,-5.003597,5.003597
49967,245,0x6B,-13.442878,-10.622936,-13.514663,-5.003597,-5.003597,5.003597
49970,246,0x6A,39.182472,-20.130816,-22.864616,-5.003597,-5.003597,5.003597
49970,246,0x6B,-13.261024,-10.980664,-15.582061,-5.003597,-5.003597,5.003597
49972,247,0x6A,39.182472,-19.423738,-19.959730,-5.003597,-5.003597,5.003597
49972,247,0x6B,-13.001402,-11.685349,-15.690934,-5.003597,-5.003597,5.003597
49975,248,0x6A,39.182472,-19.353151,-19.657040,-5.003597,-5.003597,5.003597
49975,248,0x6B,-12.480963,-11.692529,-17.758333,-5.003597,-5.003597,5.003597
49977,249,0x6A,39.182472,-19.835304,-20.202602,-5.003597,-5.003597,5.003597
49977,249,0x6B,-11.816955,-11.394621,-18.423536,-5.003597,-5.003597,5.003597
49980,250,0x6A,39.182472,-20.501705,-19.494326,-5.003597,-5.003597,5.003597
49980,250,0x6B,-11.003395,-11.100305,-19.887945,-5.003597,-5.003597,5.003597
49982,251,0x6A,39.182472,-21.466011,-18.002399,-5.003597,-5.003597,5.003597
49982,251,0x6B,-10.165907,-12.295520,-19.569700,-5.003597,-5.003597,5.003597
49985,252,0x6A,39.182472,-22.965115,-15.272191,-5.003597,-5.003597,5.003597
49985,252,0x6B,-9.203992,-12.161522,-21.001804,-5.003597,-5.003597,5.003597
49987,253,0x6A,39.182472,-24.562325,-12.178270,-5.003597,-5.003597,5.003597
49987,253,0x6B,39.182472,2.111666,-7.915458,0.301462,-5.003597,2.734233
