timestamp_ms,sample_number,imu,ax,ay,az,gx,gy,gz,temp
148772,0,0x6A,-2.566302,-5.173283,7.913064,-0.274431,-0.383929,-0.149967,18.94
148772,0,0x6B,1.550549,-1.871187,9.701700,0.091324,0.243124,0.033903,21.07
148774,1,0x6A,-2.561517,-4.882555,7.866405,-0.252593,-0.370184,-0.170737,18.94
148774,1,0x6B,1.567299,-1.853241,9.742377,0.082772,0.242819,0.029627,21.07
148777,2,0x6A,-1.926222,-4.939982,7.998010,-0.209374,-0.369573,-0.202960,18.94
148777,2,0x6B,1.551746,-1.873580,9.754342,0.074220,0.237779,0.024893,21.07
148779,3,0x6A,-2.252842,-5.023731,7.908279,-0.148440,-0.376140,-0.265879,18.94
148779,3,0x6B,1.573281,-1.879562,9.775877,0.066279,0.233503,0.020159,21.07
148782,4,0x6A,-2.384448,-5.137390,7.667800,-0.122326,-0.379500,-0.296422,18.91
148782,4,0x6B,1.576870,-1.890330,9.765109,0.056658,0.234572,0.014050,21.07
148784,5,0x6A,-2.495714,-5.357530,7.451250,-0.138056,-0.367130,-0.317803,18.91
148784,5,0x6B,1.478764,-1.994418,9.767502,0.048564,0.226478,0.002749,21.07
148787,6,0x6A,-2.391626,-5.657829,7.256234,-0.146302,-0.363923,-0.333227,18.91
148787,6,0x6B,1.473979,-1.920240,9.748360,0.057421,0.231518,0.009163,21.09
148789,7,0x6A,-2.408376,-5.690132,7.165308,-0.147066,-0.376140,-0.333532,18.91
148789,7,0x6B,1.460818,-1.878366,9.705289,0.060781,0.226173,0.010385,21.09
148792,8,0x6A,-2.384448,-5.934200,7.105487,-0.136834,-0.393855,-0.345597,18.91
148792,8,0x6B,1.529014,-1.847259,9.608379,0.056200,0.222355,0.002902,21.09
148794,9,0x6A,-2.505286,-5.972486,6.994221,-0.142026,-0.418901,-0.342695,18.91
148794,9,0x6B,1.578067,-1.855634,9.548558,0.040928,0.222508,-0.015424,21.09
148797,10,0x6A,-2.593820,-5.970093,6.860223,-0.203876,-0.428522,-0.327424,18.91
148797,10,0x6B,1.683351,-1.865205,9.498309,0.020159,0.227395,-0.036499,21.09
148799,11,0x6A,-2.681158,-5.944968,6.720242,-0.244652,-0.432493,-0.314748,18.91
148799,11,0x6B,1.640280,-1.847259,9.513863,0.004123,0.232282,-0.053756,21.09
148802,12,0x6A,-2.528017,-5.772685,6.794420,-0.261450,-0.457996,-0.304974,18.91
148802,12,0x6B,1.634298,-1.848456,9.498309,-0.012523,0.238696,-0.072388,21.09
148804,13,0x6A,-2.505286,-5.687739,6.853044,-0.287107,-0.476475,-0.315817,18.91
148804,13,0x6B,1.682154,-1.818545,9.451650,-0.030238,0.244652,-0.088881,21.09
148807,14,0x6A,-2.511267,-5.648258,6.825527,-0.319635,-0.494954,-0.316581,18.91
148807,14,0x6B,1.648655,-1.824527,9.479167,-0.037568,0.257480,-0.101404,21.09
148809,15,0x6A,-2.214557,-5.589634,6.862615,-0.328035,-0.514807,-0.324369,18.91
148809,15,0x6B,1.616352,-1.757528,9.449257,-0.038637,0.272140,-0.118050,21.09
148812,16,0x6A,-1.732404,-5.601598,6.975078,-0.330325,-0.543975,-0.346208,18.91
148812,16,0x6B,1.657030,-1.635494,9.416954,-0.038332,0.285732,-0.119271,21.09
148814,17,0x6A,-2.281556,-6.101698,7.039685,-0.314748,-0.585209,-0.404087,18.91
148814,17,0x6B,1.657030,-1.586441,9.469596,-0.032987,0.298102,-0.118508,21.09
148817,18,0x6A,-3.206382,-6.671190,7.156933,-0.294284,-0.660956,-0.394008,18.91
148817,18,0x6B,1.685744,-1.512264,9.519845,-0.024282,0.302989,-0.113468,21.09
148819,19,0x6A,-3.136991,-6.961918,7.351948,-0.362090,-0.643852,-0.311236,18.90
148819,19,0x6B,1.683351,-1.450051,9.609575,-0.015882,0.312610,-0.107360,21.09
148822,20,0x6A,-2.973082,-6.722635,7.310073,-0.455095,-0.573297,-0.214872,18.90
148822,20,0x6B,1.695315,-1.448854,9.637094,-0.010843,0.301615,-0.107970,21.09
148824,21,0x6A,-2.699104,-6.128019,7.119844,-0.484569,-0.535118,-0.162643,18.90
148824,21,0x6B,1.698904,-1.420140,9.658628,-0.005345,0.307418,-0.100640,21.07
148827,22,0x6A,-2.354537,-5.385047,7.081559,-0.464563,-0.539547,-0.161116,18.90
148827,22,0x6B,1.716850,-1.398605,9.668200,0.000916,0.300851,-0.099266,21.07
148829,23,0x6A,-2.179861,-5.071588,7.207181,-0.445321,-0.547946,-0.209221,18.90
148829,23,0x6B,1.746760,-1.421337,9.676576,0.003207,0.296117,-0.095906,21.07
148832,24,0x6A,-2.179861,-5.400600,7.514659,-0.435547,-0.554818,-0.270308,18.90
148832,24,0x6B,1.801795,-1.403391,9.603594,0.013592,0.295201,-0.092088,21.07
148834,25,0x6A,-2.587838,-6.262017,7.735996,-0.413250,-0.557109,-0.313374,18.90
148834,25,0x6B,1.822134,-1.458425,9.629915,0.025962,0.287259,-0.087201,21.07
148863,26,0x6A,-2.361716,-5.117051,8.067401,-0.432493,-0.371711,-0.177151,18.92
148863,26,0x6B,1.862812,-1.264607,9.944571,0.118202,0.259770,-0.043219,21.07
148865,27,0x6A,-2.734996,-5.241478,8.091330,-0.430965,-0.350026,-0.205251,18.92
148865,27,0x6B,1.883151,-1.289732,9.954143,0.119577,0.257938,-0.038179,21.07
148868,28,0x6A,-2.275574,-5.327620,8.209774,-0.414319,-0.325286,-0.223882,18.92
148868,28,0x6B,1.806581,-1.282553,9.987641,0.118813,0.251524,-0.037721,21.07
148870,29,0x6A,-1.649851,-5.886344,8.227720,-0.356898,-0.297339,-0.269392,18.92
148870,29,0x6B,1.823331,-1.283749,10.029516,0.118661,0.250913,-0.032376,21.07
148873,30,0x6A,-2.116452,-6.234499,7.953743,-0.254731,-0.293368,-0.293979,18.92
148873,30,0x6B,1.849652,-1.296910,10.063016,0.118508,0.249538,-0.027031,21.07
148875,31,0x6A,-2.438286,-6.246464,7.735996,-0.193950,-0.296575,-0.276875,18.92
148875,31,0x6B,1.840081,-1.276571,10.114462,0.115912,0.248928,-0.026420,21.07
148878,32,0x6A,-2.513660,-6.063413,7.570890,-0.212123,-0.280845,-0.246484,18.92
148878,32,0x6B,1.779064,-1.310070,10.176675,0.116370,0.247248,-0.021380,21.07
148880,33,0x6A,-2.127219,-6.452246,7.278966,-0.248622,-0.264810,-0.239001,18.92
148880,33,0x6B,1.806581,-1.328017,10.244870,0.114537,0.245110,-0.019242,21.07
148883,34,0x6A,-2.417947,-6.788438,7.055238,-0.312305,-0.271835,-0.220064,18.92
148883,34,0x6B,1.788635,-1.322034,10.264013,0.108581,0.238848,-0.018937,21.07
148885,35,0x6A,-2.282753,-6.912865,7.032506,-0.344833,-0.280387,-0.193492,18.92
148885,35,0x6B,1.733600,-1.366302,10.308279,0.106443,0.235947,-0.017868,21.07
148888,36,0x6A,-2.434697,-6.879365,7.073184,-0.384082,-0.280998,-0.160505,18.92
148888,36,0x6B,1.725225,-1.375873,10.382458,0.099113,0.233961,-0.020311,21.07
148890,37,0x6A,-2.468197,-6.908079,7.191628,-0.413861,-0.285732,-0.122784,18.92
148890,37,0x6B,1.688136,-1.389034,10.441081,0.095295,0.225715,-0.024740,21.07
148893,38,0x6A,-2.366502,-6.939186,7.302895,-0.425315,-0.288328,-0.089950,18.92
148893,38,0x6B,1.665405,-1.375873,10.487742,0.082314,0.211512,-0.029627,21.07
148895,39,0x6A,-2.385644,-6.991828,7.359126,-0.408058,-0.287412,-0.077733,18.92
148895,39,0x6B,1.661815,-1.417747,10.521241,0.073457,0.201280,-0.030238,21.07
148898,40,0x6A,-2.367698,-7.028916,7.404589,-0.365908,-0.287107,-0.055589,18.92
148898,40,0x6B,1.635494,-1.475175,10.549955,0.065057,0.189063,-0.032987,21.07
148900,41,0x6A,-2.415555,-6.937990,7.450054,-0.318414,-0.283289,-0.046426,18.92
148900,41,0x6B,1.596013,-1.457229,10.558331,0.057727,0.176845,-0.042150,21.06
148903,42,0x6A,-2.359323,-6.845865,7.451250,-0.285580,-0.273209,-0.019853,18.92
148903,42,0x6B,1.592423,-1.452443,10.521241,0.048411,0.166613,-0.049938,21.06
148905,43,0x6A,-2.590230,-6.842277,7.362715,-0.279624,-0.262825,-0.004887,18.92
148905,43,0x6B,1.629512,-1.457229,10.491331,0.035736,0.150120,-0.058643,21.06
148908,44,0x6A,-2.472982,-6.830312,7.389036,-0.284205,-0.258243,0.015882,18.92
148908,44,0x6B,1.660619,-1.412962,10.409975,0.023518,0.144011,-0.064294,21.06
148910,45,0x6A,-2.376073,-6.776474,7.401000,-0.280693,-0.261908,0.021075,18.92
148910,45,0x6B,1.697708,-1.337588,10.341780,0.013592,0.146302,-0.069180,21.06
148913,46,0x6A,-2.400001,-6.674779,7.519445,-0.266795,-0.272140,0.021228,18.92
148913,46,0x6B,1.762314,-1.300499,10.198210,-0.000458,0.144775,-0.072693,21.06
148915,47,0x6A,-2.298306,-6.768099,7.558927,-0.251829,-0.270919,0.024129,18.91
148915,47,0x6B,1.793421,-1.280160,10.170693,-0.012370,0.151036,-0.075900,21.06
148918,48,0x6A,-2.249253,-6.772885,7.454839,-0.262672,-0.253662,0.033292,18.91
148918,48,0x6B,1.753939,-1.256232,10.168301,-0.026725,0.160352,-0.073915,21.06
148920,49,0x6A,-2.318645,-6.778867,7.323234,-0.272751,-0.242972,0.041386,18.91
148920,49,0x6B,1.788635,-1.244268,10.157533,-0.036499,0.167683,-0.073609,21.07
148923,50,0x6A,-2.321038,-6.658029,7.341180,-0.251982,-0.241139,0.048717,18.91
148923,50,0x6B,1.808974,-1.247857,10.181460,-0.045815,0.177304,-0.071929,21.07
148925,51,0x6A,-2.167897,-6.562316,7.359126,-0.208610,-0.232587,0.048717,18.91
148925,51,0x6B,1.823331,-1.249053,10.177871,-0.052229,0.178525,-0.070860,21.07
149039,52,0x6A,-2.455036,-6.436693,7.200003,-0.156840,-0.188146,0.010690,18.93
149039,52,0x6B,1.521835,-1.342373,9.431311,0.173944,0.169210,-0.109039,21.07
149042,53,0x6A,-2.506482,-6.382854,7.240681,-0.149815,-0.180511,0.003818,18.93
149042,53,0x6B,1.601995,-1.420140,9.393025,0.165239,0.169057,-0.111788,21.07
149044,54,0x6A,-2.495714,-6.434300,7.191628,-0.139430,-0.165697,-0.001222,18.93
149044,54,0x6B,1.677369,-1.521835,9.327223,0.162490,0.171500,-0.120188,21.07
149047,55,0x6A,-2.517249,-6.507281,7.124629,-0.120493,-0.160047,-0.005956,18.91
149047,55,0x6B,1.697708,-1.552942,9.276974,0.177304,0.182801,-0.126907,21.07
149049,56,0x6A,-2.568695,-6.431907,7.048059,-0.089797,-0.157756,-0.011454,18.91
149049,56,0x6B,1.768296,-1.600798,9.186046,0.205556,0.190132,-0.129809,21.07
149052,57,0x6A,-2.549552,-6.394819,6.976274,-0.086590,-0.154091,-0.016952,18.91
149052,57,0x6B,1.777867,-1.573281,9.113065,0.237016,0.194866,-0.130878,21.07
149054,58,0x6A,-2.577070,-6.363712,6.908079,-0.086132,-0.157451,-0.027794,18.91
149054,58,0x6B,1.826920,-1.623530,9.042477,0.277027,0.204945,-0.128587,21.10
149057,59,0x6A,-2.687140,-6.197411,6.825527,-0.081856,-0.163254,-0.041233,18.91
149057,59,0x6B,1.849652,-1.676172,8.973085,0.320093,0.216704,-0.122020,21.10
149059,60,0x6A,-2.719443,-6.003592,6.853044,-0.077274,-0.170737,-0.059101,18.91
149059,60,0x6B,1.890330,-1.794617,8.930015,0.363770,0.225562,-0.116523,21.10
149062,61,0x6A,-2.672783,-5.927022,6.860223,-0.077122,-0.176387,-0.086437,18.91
149062,61,0x6B,1.864009,-1.926222,8.897711,0.418290,0.228158,-0.110567,21.10
149064,62,0x6A,-2.681158,-5.950950,6.922436,-0.076053,-0.182343,-0.120493,18.91
149064,62,0x6B,1.795813,-1.959722,8.906086,0.481056,0.232129,-0.104916,21.10
149067,63,0x6A,-2.660819,-6.005985,6.999006,-0.073915,-0.191964,-0.158520,18.92
149067,63,0x6B,1.785046,-1.953740,8.877372,0.539852,0.227242,-0.104153,21.10
149069,64,0x6A,-2.682354,-6.156733,7.081559,-0.081245,-0.190590,-0.210901,18.92
149069,64,0x6B,1.828116,-1.990828,8.821140,0.614989,0.220980,-0.128282,21.10
149072,65,0x6A,-2.769692,-6.448657,7.028916,-0.083841,-0.184634,-0.239306,18.92
149072,65,0x6B,1.813760,-2.157130,8.828320,0.670730,0.215177,-0.147982,21.05
149074,66,0x6A,-2.839084,-6.641279,6.976274,-0.071319,-0.193492,-0.263588,18.92
149074,66,0x6B,1.819742,-2.750550,9.006585,0.780228,0.194866,-0.200517,21.05
149077,67,0x6A,-2.967100,-6.881758,6.801599,-0.073915,-0.200211,-0.280234,18.92
149077,67,0x6B,1.794617,-2.111666,8.801998,0.969596,0.164017,-0.279776,21.05
149079,68,0x6A,-3.121437,-7.038488,6.591030,-0.095142,-0.206778,-0.284358,18.92
149079,68,0x6B,1.567299,-0.699901,8.266006,1.034195,0.178678,-0.279165,21.05
149082,69,0x6A,-3.189633,-6.985846,6.401997,-0.129045,-0.224035,-0.286954,18.92
149082,69,0x6B,1.380659,-1.000200,8.512466,0.973108,0.238237,-0.217926,21.05
149084,70,0x6A,-3.315256,-6.818348,6.320641,-0.173944,-0.239001,-0.301615,18.88
149084,70,0x6B,1.250250,-1.777867,8.654840,0.973108,0.269544,-0.196240,21.05
149087,71,0x6A,-3.442075,-6.674779,6.352944,-0.216246,-0.252745,-0.324980,18.88
149087,71,0x6B,1.167697,-1.948954,8.659625,1.019992,0.272446,-0.236099,21.05
149089,72,0x6A,-3.333202,-6.899704,6.391230,-0.241139,-0.271071,-0.375529,18.88
149089,72,0x6B,1.153341,-1.825724,8.714660,1.054048,0.270002,-0.289856,21.05
149092,73,0x6A,-3.492325,-7.170093,6.278767,-0.237474,-0.295964,-0.411723,18.88
149092,73,0x6B,1.302892,-1.913062,8.774481,1.069625,0.276875,-0.333532,21.07
149094,74,0x6A,-3.573681,-7.325626,6.064610,-0.235030,-0.324064,-0.450208,18.88
149094,74,0x6B,1.420140,-2.013560,8.886944,1.083980,0.284969,-0.397826,21.07
149097,75,0x6A,-3.692126,-7.562516,5.795416,-0.264352,-0.345139,-0.483194,18.88
149097,75,0x6B,1.526621,-2.169094,8.934800,1.125825,0.306807,-0.450055,21.07
149099,76,0x6A,-3.821338,-7.941778,5.545367,-0.326355,-0.365756,-0.514807,18.88
149099,76,0x6B,1.588834,-2.091327,9.024531,1.187827,0.345750,-0.504422,21.07
149102,77,0x6A,-4.001996,-8.208578,5.302495,-0.396452,-0.388052,-0.533743,18.88
149102,77,0x6B,1.570888,-1.902294,9.256635,1.253495,0.400269,-0.549473,21.07
149218,78,0x6A,0.388834,-14.428720,16.557137,-0.796110,-1.976454,2.083661,18.89
149218,78,0x6B,0.891326,-2.788835,23.976084,-0.492357,-0.683864,-3.001333,21.03
149221,79,0x6A,0.282353,-15.139389,16.992630,-0.866360,-1.904372,2.036777,18.89
149221,79,0x6B,0.765703,-2.486143,24.057440,-0.496175,-0.755335,-3.086091,21.03
149223,80,0x6A,-0.394816,-15.906288,17.440088,-0.680962,-1.922851,2.063350,18.89
149223,80,0x6B,0.958325,-1.951347,23.844477,-0.505033,-0.837649,-3.161991,21.03
149226,81,0x6A,-0.354138,-15.144175,17.673388,-0.519541,-1.920102,2.105194,18.89
149226,81,0x6B,1.099502,-1.683351,23.609982,-0.521221,-0.890031,-3.226896,21.09
149228,82,0x6A,-0.187837,-15.343976,17.785851,-0.507171,-1.823127,2.118939,18.89
149228,82,0x6B,1.179662,-1.543371,23.464020,-0.531758,-0.950048,-3.293175,21.09
149231,83,0x6A,-0.113659,-15.768702,17.998812,-0.484111,-1.798082,2.159103,18.89
149231,83,0x6B,1.463211,-1.067199,23.021345,-0.512821,-1.002277,-3.352886,21.09
149233,84,0x6A,0.002393,-15.951752,18.405592,-0.407905,-1.807245,2.209347,18.89
149233,84,0x6B,1.066003,-0.932004,22.930418,-0.550084,-1.023352,-3.405726,21.09
149236,85,0x6A,0.288335,-15.933806,19.030119,-0.355218,-1.783116,2.262645,18.91
149236,85,0x6B,1.104288,-0.455833,22.496122,-0.552833,-1.076039,-3.481474,21.09
149238,86,0x6A,0.162712,-16.048662,19.701305,-0.301767,-1.731192,2.300977,18.91
149238,86,0x6B,1.359123,-0.460618,22.027128,-0.630871,-1.100779,-3.533703,21.09
149241,87,0x6A,-0.007178,-16.347765,20.222942,-0.201433,-1.686446,2.346333,18.91
149241,87,0x6B,1.359123,-0.101695,21.879971,-0.638201,-1.089020,-3.583030,21.09
149243,88,0x6A,0.180658,-16.470995,20.900110,-0.083994,-1.631163,2.397493,18.91
149243,88,0x6B,1.501496,0.202194,21.761528,-0.626442,-1.082148,-3.613421,21.10
149246,89,0x6A,0.532403,-16.890936,21.272194,0.009010,-1.552209,2.453540,18.91
149246,89,0x6B,1.381855,0.780060,21.778275,-0.601091,-1.092380,-3.628540,21.10
149248,90,0x6A,0.516850,-17.240288,21.524637,0.144775,-1.367880,2.564870,18.91
149248,90,0x6B,1.188036,1.283749,21.726830,-0.577573,-1.118189,-3.629150,21.10
149251,91,0x6A,0.307478,-17.322840,21.523439,0.273057,-1.240667,2.662151,18.91
149251,91,0x6B,1.278964,1.794617,21.560530,-0.568563,-1.146900,-3.606854,21.10
149253,92,0x6A,0.589831,-17.029718,21.370298,0.419054,-1.123381,2.771801,18.89
149253,92,0x6B,1.287339,2.230111,21.328426,-0.554818,-1.180192,-3.563635,21.10
149256,93,0x6A,0.959522,-16.426729,20.961124,0.514654,-0.994947,2.862056,18.89
149256,93,0x6B,0.995414,2.428715,21.437300,-0.542296,-1.218829,-3.497814,21.10
149258,94,0x6A,0.812363,-15.744774,20.560329,0.566577,-0.886213,2.932917,18.89
149258,94,0x6B,0.965504,2.725425,20.970697,-0.506102,-1.290147,-3.422831,21.10
149261,95,0x6A,0.795614,-14.977873,20.236101,0.575740,-0.792903,3.008970,18.89
149261,95,0x6B,1.101895,2.790031,20.624933,-0.473573,-1.357953,-3.282790,21.10
149263,96,0x6A,0.802792,-14.112868,20.043478,0.559247,-0.714865,3.054937,18.89
149263,96,0x6B,1.305285,2.803192,20.256439,-0.431424,-1.435533,-3.186731,21.05
149266,97,0x6A,1.241875,-13.143774,20.122442,0.549626,-0.653320,3.087924,18.89
149266,97,0x6B,1.336391,2.712264,19.976480,-0.408974,-1.473102,-3.096476,21.05
149268,98,0x6A,1.228714,-12.631711,20.280367,0.529620,-0.508240,3.104417,18.89
149268,98,0x6B,1.457229,2.634498,19.616360,-0.387594,-1.514488,-3.005304,21.05
149271,99,0x6A,1.271785,-12.080165,20.159529,0.567494,-0.396604,3.106708,18.89
149271,99,0x6B,1.365105,2.380858,19.485950,-0.371253,-1.545642,-2.915965,21.05
149273,100,0x6A,1.477568,-11.438889,19.797018,0.648892,-0.259923,3.097697,18.89
149273,100,0x6B,1.564906,2.213361,19.113867,-0.358578,-1.583363,-2.829222,21.05
149276,101,0x6A,1.806581,-10.923235,19.032513,0.763429,-0.106138,3.078303,18.89
149276,101,0x6B,1.743171,1.968097,18.606588,-0.351095,-1.616044,-2.745534,21.05
149278,102,0x6A,1.771885,-10.417153,17.927027,0.929126,0.033903,3.051577,18.89
149278,102,0x6B,1.545763,1.478764,18.282362,-0.336892,-1.638188,-2.674368,21.05
149281,103,0x6A,1.738386,-9.806983,16.572689,1.121701,0.124769,3.018896,18.89
149281,103,0x6B,1.447658,1.075574,17.809780,-0.309709,-1.668578,-2.620917,21.05
149394,104,0x6A,0.976272,-2.752943,4.380062,3.091894,2.259438,2.221717,18.90
149394,104,0x6B,1.640280,-0.147159,1.714458,1.124756,-1.024574,-1.310459,21.04
149397,105,0x6A,1.000200,-3.030510,3.651447,3.133891,2.300671,2.160325,18.90
149397,105,0x6B,1.375873,-0.093320,1.730011,1.129184,-0.957226,-1.314429,21.05
149399,106,0x6A,0.658026,-2.484946,2.889333,3.167794,2.319761,2.166739,18.90
149399,106,0x6B,1.603191,1.738386,1.471586,1.158200,-0.895987,-1.280374,21.05
149402,107,0x6A,0.474975,-2.148755,2.130809,3.159853,2.337934,2.169946,18.90
149402,107,0x6B,1.807778,1.653440,1.263410,1.115898,-0.825126,-1.118036,21.05
149404,108,0x6A,0.604188,-1.403391,1.506282,3.150843,2.328313,2.175596,18.89
149404,108,0x6B,1.118644,0.626920,1.434497,1.129795,-0.788474,-1.028239,21.05
149407,109,0x6A,0.859023,-0.661615,1.136591,3.122132,2.314263,2.151315,18.89
149407,109,0x6B,1.879562,1.598405,0.946361,1.228755,-0.802219,-0.987311,21.05
149409,110,0x6A,0.314656,-0.094517,0.617348,3.077081,2.282498,2.105042,18.89
149409,110,0x6B,1.399801,2.165505,0.606581,1.271669,-0.784351,-0.938442,21.05
149412,111,0x6A,0.271585,0.557528,0.339781,3.028670,2.217746,2.045330,18.89
149412,111,0x6B,1.391426,2.642873,0.512064,1.300990,-0.778700,-0.860098,21.05
149414,112,0x6A,0.496511,0.977468,0.271585,2.939483,2.183232,1.943773,18.89
149414,112,0x6B,1.404587,2.368894,0.270389,1.313513,-0.747241,-0.779159,21.05
149417,113,0x6A,-0.135194,1.031307,0.189033,2.865721,2.166128,1.853670,18.89
149417,113,0x6B,1.051646,1.775474,0.269193,1.341918,-0.727999,-0.733955,21.06
149419,114,0x6A,-0.047856,1.511068,0.078963,2.812576,2.152995,1.721418,18.89
149419,114,0x6B,1.343570,1.464407,-0.169890,1.376432,-0.742201,-0.691499,21.06
149422,115,0x6A,-0.780060,1.292124,-0.236889,2.825710,2.120924,1.639410,18.89
149422,115,0x6B,1.494318,1.601995,-0.452244,1.459204,-0.702495,-0.672257,21.06
149424,116,0x6A,-0.344566,1.470389,-0.593420,2.848923,2.080302,1.624902,18.87
149424,116,0x6B,1.610370,1.724029,-0.829113,1.519222,-0.669661,-0.636522,21.06
149427,117,0x6A,-0.349352,1.868794,-1.013360,2.824030,2.068390,1.632843,18.87
149427,117,0x6B,1.692922,1.740778,-1.060021,1.591762,-0.633620,-0.604604,21.06
149429,118,0x6A,-0.563510,2.335395,-1.544567,2.805704,2.049758,1.645976,18.87
149429,118,0x6B,1.627119,1.811367,-1.184447,1.652085,-0.597121,-0.592845,21.06
149432,119,0x6A,-0.437887,3.221936,-2.100899,2.785851,2.023949,1.624596,18.87
149432,119,0x6B,1.433301,1.923829,-1.221536,1.698511,-0.574213,-0.599870,21.06
149434,120,0x6A,-0.100499,3.929015,-2.749353,2.753017,1.993864,1.558928,18.87
149434,120,0x6B,1.261017,2.019542,-1.341177,1.745089,-0.565967,-0.620792,21.09
149437,121,0x6A,-0.173480,4.244868,-3.723232,2.699414,1.966070,1.460884,18.87
149437,121,0x6B,1.177269,2.242075,-1.409373,1.787239,-0.552375,-0.641867,21.09
149439,122,0x6A,-0.223729,4.926822,-4.301099,2.602286,1.870317,1.301754,18.87
149439,122,0x6B,1.042074,2.536392,-1.585245,1.839162,-0.555735,-0.652709,21.09
149442,123,0x6A,-0.311067,5.344369,-4.765306,2.462245,1.819768,1.156368,18.88
149442,123,0x6B,1.265803,2.701497,-1.866402,1.897042,-0.544434,-0.648128,21.09
149444,124,0x6A,-0.162712,5.170890,-5.063213,2.291661,1.753794,1.032362,18.88
149444,124,0x6B,1.375873,3.012564,-1.942972,1.949576,-0.519999,-0.645074,21.09
149447,125,0x6A,0.025125,5.118248,-5.229514,2.135432,1.687363,0.926530,18.88
149447,125,0x6B,1.568495,3.062813,-2.246860,2.007761,-0.503353,-0.633162,21.09
149449,126,0x6A,0.238086,5.485546,-5.279763,1.974927,1.642769,0.781907,18.88
149449,126,0x6B,1.605584,3.059224,-2.519642,2.045330,-0.464258,-0.634689,21.09
149452,127,0x6A,-0.106481,5.469993,-5.343173,1.813812,1.628414,0.631940,18.88
149452,127,0x6B,1.657030,2.834299,-3.278167,2.022880,-0.431424,-0.636827,21.09
149454,128,0x6A,-1.161715,4.843073,-5.636294,1.734857,1.556637,0.539547,18.88
149454,128,0x6B,1.658226,2.672783,-3.168097,1.990046,-0.388663,-0.633925,21.05
149457,129,0x6A,-0.915255,5.109873,-5.539384,1.659110,1.505019,0.520763,18.88
149457,129,0x6B,2.132005,2.889333,-3.239882,1.980883,-0.347124,-0.626442,21.05
149574,130,0x6A,0.872184,0.666401,-5.538188,-0.264810,-1.004110,-0.329409,18.85
149574,130,0x6B,0.419940,2.063810,-0.503689,-0.804051,0.607811,0.177609,21.11
149577,131,0x6A,1.067199,0.740579,-5.414958,-0.274737,-1.050536,-0.315206,18.85
149577,131,0x6B,0.301496,1.978864,-0.306281,-0.923628,0.579100,0.225562,21.11
149579,132,0x6A,1.210768,0.664008,-5.320441,-0.291230,-1.109179,-0.311847,18.85
149579,132,0x6B,0.197408,1.855634,-0.179462,-1.043052,0.540005,0.272140,21.11
149582,133,0x6A,1.450051,0.506082,-4.998607,-0.323759,-1.164309,-0.303600,18.85
149582,133,0x6B,0.104088,1.880759,-0.205783,-1.171945,0.507782,0.322079,21.11
149584,134,0x6A,1.846063,0.126820,-4.667201,-0.356745,-1.219134,-0.292604,18.85
149584,134,0x6B,-0.105284,1.903490,-0.178265,-1.305266,0.477697,0.372933,21.11
149587,135,0x6A,2.068595,-0.145962,-4.179065,-0.417832,-1.286024,-0.287718,18.85
149587,135,0x6B,-0.363709,1.858027,-0.111266,-1.439504,0.443641,0.433562,21.09
149589,136,0x6A,2.246860,-0.534796,-3.736392,-0.450208,-1.311528,-0.280234,18.85
149589,136,0x6B,-0.632902,1.831706,-0.153141,-1.573589,0.407294,0.499993,21.09
149592,137,0x6A,2.395216,-0.867398,-3.442075,-0.464563,-1.330923,-0.264810,18.85
149592,137,0x6B,-0.876970,1.664208,-0.211765,-1.715920,0.372017,0.572992,21.09
149594,138,0x6A,2.462215,-1.203590,-3.303292,-0.481667,-1.339322,-0.243430,18.87
149594,138,0x6B,-1.127020,1.433301,-0.602991,-1.866193,0.337656,0.649655,21.09
149597,139,0x6A,2.487339,-1.507478,-3.306881,-0.512363,-1.338711,-0.208763,18.87
149597,139,0x6B,-1.477568,0.859023,-0.922433,-2.019979,0.303753,0.717156,21.09
149599,140,0x6A,2.824727,-1.896312,-3.401397,-0.528398,-1.340086,-0.171653,18.87
149599,140,0x6B,-1.712065,0.384048,-1.292124,-2.175138,0.260839,0.805426,21.09
149602,141,0x6A,3.125026,-2.090131,-3.750750,-0.544434,-1.345125,-0.123547,18.87
149602,141,0x6B,-1.946561,-0.084945,-1.671387,-2.394286,0.244193,0.854906,21.09
149604,142,0x6A,3.640680,-2.181058,-4.175476,-0.553597,-1.353219,-0.072388,18.87
149604,142,0x6B,-2.167897,-0.581456,-2.091327,-2.528371,0.231671,0.893238,21.09
149607,143,0x6A,3.905087,-2.014757,-4.620541,-0.554513,-1.398118,-0.006872,18.87
149607,143,0x6B,-2.377269,-1.092324,-2.508874,-2.649933,0.227395,0.929431,21.09
149609,144,0x6A,3.968496,-1.830509,-4.987839,-0.574977,-1.456608,0.029780,18.87
149609,144,0x6B,-2.531606,-1.552942,-2.880959,-2.753017,0.215483,0.950964,21.09
149612,145,0x6A,3.976871,-1.580459,-5.194818,-0.632093,-1.533577,0.052687,18.86
149612,145,0x6B,-2.526821,-1.849652,-3.226721,-2.839149,0.212581,0.970207,21.09
149614,146,0x6A,3.867998,-1.475175,-4.974678,-0.743576,-1.627192,0.063835,18.86
149614,146,0x6B,-2.402394,-2.228914,-3.466003,-2.920547,0.200364,1.005179,21.09
149617,147,0x6A,3.769892,-1.463211,-4.372883,-0.908051,-1.708437,0.063530,18.86
149617,147,0x6B,-2.779264,-2.510071,-4.051049,-2.985298,0.218842,1.023963,21.09
149619,148,0x6A,3.806981,-1.609173,-3.505485,-1.102612,-1.761277,0.054062,18.86
149619,148,0x6B,-2.963511,-2.677569,-5.000999,-3.050661,0.258549,1.024879,21.09
149622,149,0x6A,3.823731,-1.670190,-2.670390,-1.272738,-1.800983,0.040317,18.86
149622,149,0x6B,-2.481357,-2.355734,-5.107480,-3.102584,0.306349,1.022588,21.09
149624,150,0x6A,3.836891,-1.804188,-1.556531,-1.409113,-1.818851,0.018173,18.86
149624,150,0x6B,-2.633301,-2.706282,-5.487939,-3.149468,0.370337,1.104139,21.09
149627,151,0x6A,3.719643,-1.832902,-1.158126,-1.539991,-1.816866,-0.016646,18.86
149627,151,0x6B,-2.203789,-3.125026,-5.130211,-3.196963,0.395077,1.157742,21.09
149629,152,0x6A,3.579663,-1.725225,-0.882952,-1.587486,-1.800067,-0.033292,18.86
149629,152,0x6B,-2.469393,-3.426522,-5.156533,-3.191618,0.445321,1.197449,21.09
149632,153,0x6A,3.497110,-1.549353,-0.689133,-1.615433,-1.774105,-0.056505,18.90
149632,153,0x6B,-2.679961,-3.607180,-5.292924,-3.190702,0.494343,1.213942,21.09
149634,154,0x6A,3.371487,-1.462015,-0.525225,-1.624902,-1.746464,-0.080023,18.90
149634,154,0x6B,-2.951547,-3.933800,-5.304888,-3.194978,0.550542,1.204932,21.09
149637,155,0x6A,3.467200,-1.561317,-0.254836,-1.614822,-1.706147,-0.091019,18.90
149637,155,0x6B,0.707079,3.974478,19.444077,-1.912008,3.318831,0.219453,21.07
149754,156,0x6A,-2.321038,3.128615,13.719249,-2.649781,-1.652696,-3.650378,18.88
149754,156,0x6B,0.969093,4.211368,20.069801,-2.013870,3.253315,0.293368,21.07
149756,157,0x6A,-2.566302,1.716850,14.970695,-2.537840,-1.499521,-3.787670,18.88
149756,157,0x6B,1.166501,4.558327,21.401403,-2.106416,3.172681,0.379958,21.07
149759,158,0x6A,-2.705086,-0.512064,16.542780,-2.417194,-1.331992,-3.908316,18.88
149759,158,0x6B,1.268196,4.923233,23.101505,-2.197588,3.072652,0.483347,21.04
149761,159,0x6A,-3.008975,-1.965704,17.181662,-2.140014,-1.078941,-4.081191,18.88
149761,159,0x6B,1.428515,5.577670,24.055046,-2.286927,2.952770,0.599564,21.04
149764,160,0x6A,-2.926422,-3.141776,17.848064,-1.972026,-0.920421,-4.158923,18.87
149764,160,0x6B,1.441676,5.952147,24.854248,-2.412307,2.750573,0.812756,21.04
149766,161,0x6A,-2.772085,-4.347759,18.373289,-1.914604,-0.728304,-4.217719,18.87
149766,161,0x6B,1.066003,5.892326,25.980072,-2.484389,2.612671,0.975246,21.04
149769,162,0x6A,-2.421537,-5.832505,18.776478,-1.928043,-0.525191,-4.257730,18.87
149769,162,0x6B,1.846063,6.236893,26.437101,-2.549294,2.421317,1.145983,21.04
149771,163,0x6A,-2.764907,-7.165308,18.896122,-1.985159,-0.317803,-4.313930,18.87
149771,163,0x6B,1.877169,6.411568,26.687151,-2.603202,2.260507,1.336879,21.04
149774,164,0x6A,-2.756532,-8.472985,18.812370,-2.054951,-0.159436,-4.318511,18.87
149774,164,0x6B,2.087738,6.257231,26.792435,-2.664594,2.163379,1.549460,21.04
149776,165,0x6A,-2.195415,-9.328419,18.502501,-2.214539,0.004429,-4.300644,18.87
149776,165,0x6B,2.116452,5.533402,27.081966,-2.703384,2.038610,1.732566,21.04
149779,166,0x6A,-1.209572,-10.301102,18.378075,-2.450791,0.167835,-4.272239,18.87
149779,166,0x6B,2.084148,5.182854,27.163322,-2.741563,1.921477,1.880854,21.05
149781,167,0x6A,-1.458425,-11.046466,18.236898,-2.779590,0.543212,-4.212527,18.87
149781,167,0x6B,2.117648,4.831109,27.055645,-2.785545,1.808925,2.040748,21.05
149784,168,0x6A,-1.110270,-11.388639,17.686548,-3.188869,0.719905,-4.187023,18.89
149784,168,0x6B,2.236093,4.365705,26.520849,-2.810285,1.713171,2.207973,21.05
149786,169,0x6A,-0.979861,-11.866007,16.904097,-3.277597,0.783587,-4.209625,18.89
149786,169,0x6B,2.445465,3.327220,26.275585,-2.810133,1.625360,2.358703,21.05
149789,170,0x6A,-1.183251,-12.448660,16.035501,-3.353956,0.833067,-4.211610,18.89
149789,170,0x6B,2.508874,2.743371,26.018358,-2.767983,1.538464,2.560136,21.05
149791,171,0x6A,-1.287339,-12.964314,15.013765,-3.411072,0.854753,-4.179081,18.89
149791,171,0x6B,2.662015,2.286342,25.890343,-2.735913,1.500743,2.690861,21.05
149794,172,0x6A,-1.177269,-13.334005,14.190635,-3.465438,0.819018,-4.115247,18.89
149794,172,0x6B,2.596212,1.771885,26.039892,-2.692541,1.477072,2.823114,21.05
149796,173,0x6A,-0.467797,-13.672589,13.886746,-3.531106,0.767552,-4.042859,18.89
149796,173,0x6B,2.494518,1.214357,26.330622,-2.648559,1.459968,2.958726,21.11
149799,174,0x6A,-0.271585,-14.297115,14.041083,-3.574172,0.707382,-3.982841,18.89
149799,174,0x6B,2.396412,0.685544,26.744577,-2.607478,1.431563,3.096934,21.11
149801,175,0x6A,-0.844666,-15.669398,14.373686,-3.550654,0.639118,-3.934583,18.89
149801,175,0x6B,2.883351,0.463011,26.800810,-2.605798,1.434464,3.245374,21.11
149804,176,0x6A,-0.927219,-16.356140,15.113068,-3.330132,0.470214,-3.844481,18.89
149804,176,0x6B,2.629712,-0.327817,27.105894,-2.641534,1.456608,3.387095,21.11
149806,177,0x6A,1.646262,-16.642082,16.214962,-3.184899,0.451429,-3.805843,18.89
149806,177,0x6B,1.810170,-1.323231,28.036703,-2.702010,1.503187,3.494913,21.11
149809,178,0x6A,2.673980,-17.612371,17.770296,-3.047454,0.568257,-3.891364,18.89
149809,178,0x6B,0.501296,-2.508874,29.447273,-2.733316,1.450805,3.621973,21.11
149811,179,0x6A,1.822134,-19.265812,18.573090,-2.761111,0.703564,-3.923587,18.89
149811,179,0x6B,-0.256032,-5.058427,29.779875,-2.724917,1.344514,3.750865,21.11
149814,180,0x6A,2.389233,-19.442881,19.050459,-2.485763,0.928668,-4.016133,18.89
149814,180,0x6B,-1.024128,-7.215557,30.141191,-2.673910,1.203252,3.820504,21.11
149816,181,0x6A,1.198804,-20.723042,18.738195,-2.253940,1.223563,-4.148691,18.89
149816,181,0x6B,0.733400,-2.584248,9.540184,0.662025,-0.447153,0.013592,21.09
149983,182,0x6A,-1.503889,-5.858827,6.915258,0.627817,0.007178,0.653168,18.90
149983,182,0x6B,0.628116,-2.541178,9.408579,0.626900,-0.466396,0.026267,21.09
149985,183,0x6A,-1.440479,-5.708078,7.111469,0.589332,-0.024282,0.639118,18.90
149985,183,0x6B,0.561117,-2.501696,9.219546,0.583071,-0.481973,0.036346,21.09
149988,184,0x6A,-1.430908,-5.730810,7.256234,0.570243,-0.048717,0.619570,18.90
149988,184,0x6B,0.504886,-2.536392,9.016156,0.530231,-0.494648,0.048258,21.06
149990,185,0x6A,-1.514657,-5.810970,7.336394,0.556193,-0.065363,0.621250,18.89
149990,185,0x6B,0.496511,-2.574677,8.715857,0.477086,-0.492816,0.054978,21.06
149993,186,0x6A,-1.506282,-5.778667,7.367501,0.536340,-0.068570,0.632398,18.89
149993,186,0x6B,0.468993,-2.611766,8.391629,0.423482,-0.486401,0.063988,21.06
149995,187,0x6A,-1.405783,-5.682954,7.384251,0.518625,-0.070708,0.640950,18.89
149995,187,0x6B,0.470190,-2.627319,8.080563,0.373850,-0.465021,0.074220,21.06
149998,188,0x6A,-1.300499,-5.547759,7.426126,0.501215,-0.070250,0.646754,18.89
149998,188,0x6B,0.429512,-2.681158,7.789834,0.320857,-0.445473,0.084758,21.06
150000,189,0x6A,-1.055235,-5.154140,7.406982,0.483347,-0.064599,0.647975,18.89
150000,189,0x6B,0.460618,-2.742175,7.537392,0.275806,-0.412487,0.095906,21.06
150003,190,0x6A,-1.015753,-4.911269,7.404589,0.462120,-0.063835,0.650266,18.89
150003,190,0x6B,0.344566,-2.810370,7.241878,0.238390,-0.381180,0.108581,21.06
150005,191,0x6A,-0.972682,-4.581059,7.339984,0.445321,-0.056658,0.642325,18.89
150005,191,0x6B,0.197408,-2.946761,7.093523,0.208763,-0.343306,0.120035,21.06
150008,192,0x6A,-1.038485,-4.305884,7.263413,0.444404,-0.047953,0.625068,18.87
150008,192,0x6B,0.032303,-3.019742,7.038488,0.182496,-0.294895,0.137750,21.05
150010,193,0x6A,-1.057628,-4.103691,7.164111,0.445168,-0.040012,0.592539,18.87
150010,193,0x6B,-0.128016,-3.119045,6.973881,0.179900,-0.268323,0.146150,21.05
150013,194,0x6A,-1.076770,-3.961318,7.063613,0.454026,-0.035277,0.555124,18.87
150013,194,0x6B,-0.287139,-3.205186,6.912865,0.188452,-0.251524,0.149815,21.05
150015,195,0x6A,-0.971486,-3.883551,7.095916,0.452040,-0.034972,0.516487,18.87
150015,195,0x6B,-0.453440,-3.342773,6.903294,0.205098,-0.235641,0.151342,21.05
150018,196,0x6A,-0.934397,-3.836891,7.201200,0.443183,-0.031001,0.475711,18.87
150018,196,0x6B,-0.547956,-3.400201,6.783652,0.226478,-0.217773,0.146608,21.05
150020,197,0x6A,-0.973879,-3.818945,7.433304,0.441503,-0.021991,0.434325,18.87
150020,197,0x6B,-0.583849,-3.428915,6.702296,0.251829,-0.203571,0.139430,21.05
150023,198,0x6A,-0.936790,-3.876373,7.542177,0.455858,0.012065,0.364534,18.87
150023,198,0x6B,-0.638884,-3.498307,6.613762,0.283594,-0.189674,0.131183,21.05
150025,199,0x6A,-0.939183,-3.917051,7.554141,0.488539,0.038485,0.323911,18.87
150025,199,0x6B,-0.659223,-3.494718,6.551549,0.320857,-0.178220,0.120646,21.07
150028,200,0x6A,-0.735793,-3.920640,7.448857,0.524122,0.070555,0.282220,18.90
150028,200,0x6B,-0.667598,-3.467200,6.528817,0.358578,-0.163406,0.111025,21.07
150030,201,0x6A,-0.674776,-4.010371,7.295716,0.542296,0.100793,0.231212,18.90
150030,201,0x6B,-0.684347,-3.375077,6.544370,0.394314,-0.140346,0.098960,21.07
150033,202,0x6A,-0.619741,-4.214957,7.063613,0.563523,0.114079,0.182038,18.90
150033,202,0x6B,-0.652044,-3.318845,6.646065,0.447459,-0.122020,0.089644,21.07
150035,203,0x6A,-0.502493,-4.449454,6.899704,0.559094,0.125686,0.129962,18.90
150035,203,0x6B,-0.660419,-3.181258,6.766902,0.473115,-0.104763,0.088881,21.07
150038,204,0x6A,-0.524028,-4.790431,6.847062,0.553902,0.129198,0.088117,18.90
150038,204,0x6B,-0.672383,-3.136991,6.903294,0.496481,-0.089492,0.087048,21.07
150040,205,0x6A,-0.218943,-5.298906,6.879365,0.542601,0.138208,0.060018,18.90
150040,205,0x6B,-0.654437,-3.096313,7.006185,0.510989,-0.077733,0.087659,21.07
150043,206,0x6A,-0.319442,-5.510670,6.854240,0.542296,0.152258,0.032070,18.90
150043,206,0x6B,-0.666401,-3.078367,7.101898,0.516181,-0.068875,0.088881,21.07
150045,207,0x6A,-0.216550,-5.538188,6.699903,0.536492,0.184634,0.025962,18.91
150045,207,0x6B,-0.279960,-3.607180,9.195617,0.176082,0.171042,-0.097586,21.05
150163,208,0x6A,0.136391,-6.263213,6.384051,-0.238085,-0.152869,-0.020922,18.85
150163,208,0x6B,-0.242872,-3.512664,9.326026,0.185245,0.155007,-0.096669,21.05
150166,209,0x6A,0.200997,-6.263213,6.429514,-0.260839,-0.153174,-0.023671,18.85
150166,209,0x6B,-0.172283,-3.397808,9.448061,0.185703,0.146150,-0.092546,21.05
150168,210,0x6A,0.263210,-6.301498,6.334998,-0.246637,-0.152716,-0.028558,18.85
150168,210,0x6B,-0.056231,-3.265007,9.509077,0.177456,0.133779,-0.085521,21.05
150171,211,0x6A,0.302692,-6.269196,6.218946,-0.221133,-0.165544,-0.027336,18.85
150171,211,0x6B,-0.011964,-3.176472,9.579665,0.161574,0.130114,-0.077580,21.05
150173,212,0x6A,0.251246,-6.186643,6.108876,-0.206320,-0.189368,-0.032223,18.85
150173,212,0x6B,0.058624,-3.108277,9.603594,0.147066,0.123547,-0.070402,21.05
150176,213,0x6A,0.186640,-6.031109,6.076573,-0.205251,-0.221133,-0.029474,18.85
150176,213,0x6B,0.100499,-3.017349,9.638290,0.122631,0.126144,-0.058490,21.05
150178,214,0x6A,0.142373,-5.933003,6.209374,-0.214872,-0.249386,-0.025962,18.85
150178,214,0x6B,0.179462,-2.943172,9.692128,0.097738,0.135459,-0.048564,21.07
150181,215,0x6A,0.181855,-5.755935,6.434300,-0.220675,-0.274737,-0.027184,18.85
150181,215,0x6B,0.208176,-2.900101,9.771091,0.066432,0.140346,-0.032376,21.07
150183,216,0x6A,0.159123,-5.535795,6.876972,-0.216857,-0.289092,-0.041997,18.85
150183,216,0x6B,0.211765,-2.885744,9.839287,0.014966,0.154549,-0.021075,21.07
150186,217,0x6A,0.117248,-5.454439,7.112665,-0.199447,-0.294437,-0.077427,18.85
150186,217,0x6B,0.205783,-2.879762,9.940982,-0.022297,0.157298,-0.010690,21.07
150188,218,0x6A,0.028714,-5.411369,7.301698,-0.162032,-0.292299,-0.102625,18.85
150188,218,0x6B,0.226122,-2.909672,10.066606,-0.059712,0.167530,0.002596,21.07
150191,219,0x6A,0.086142,-5.429315,7.546962,-0.146608,-0.284816,-0.131336,18.85
150191,219,0x6B,0.165105,-2.925226,10.163515,-0.094684,0.162490,0.010537,21.07
150193,220,0x6A,0.131605,-5.422136,7.727621,-0.129809,-0.263894,-0.154243,18.85
150193,220,0x6B,0.147159,-2.934797,10.255639,-0.135001,0.159741,0.021075,21.07
150196,221,0x6A,0.047856,-5.178068,7.852048,-0.091783,-0.256869,-0.173791,18.85
150196,221,0x6B,0.118445,-2.943172,10.304690,-0.175013,0.153633,0.029016,21.07
150198,222,0x6A,-0.017946,-4.766503,7.995617,-0.041081,-0.250455,-0.202502,18.86
150198,222,0x6B,0.102891,-2.968297,10.308279,-0.210443,0.144317,0.032987,21.10
150201,223,0x6A,0.032303,-4.511667,8.166704,-0.002443,-0.235947,-0.250760,18.86
150201,223,0x6B,0.072981,-2.993421,10.298709,-0.248622,0.135001,0.041997,21.10
150203,224,0x6A,0.069392,-4.364508,8.449057,0.039095,-0.217926,-0.310320,18.86
150203,224,0x6B,0.059821,-2.974278,10.266405,-0.284205,0.129962,0.046273,21.10
150206,225,0x6A,-0.043071,-3.923033,8.715857,0.088423,-0.199142,-0.399964,18.86
150206,225,0x6B,0.037089,-2.969493,10.252048,-0.318719,0.123395,0.055283,21.10
150208,226,0x6A,-0.256032,-3.394219,8.931210,0.171806,-0.178220,-0.485638,18.86
150208,226,0x6B,0.032303,-2.914458,10.189835,-0.368352,0.122173,0.061087,21.10
150211,227,0x6A,-0.431904,-3.002992,9.090333,0.220370,-0.174555,-0.585972,18.86
150211,227,0x6B,0.062213,-2.932404,10.089337,-0.400117,0.122478,0.064752,21.10
150213,228,0x6A,-0.588634,-2.733800,9.424131,0.252593,-0.175318,-0.700052,18.86
150213,228,0x6B,0.057428,-2.940779,10.028319,-0.426537,0.128893,0.070708,21.10
150216,229,0x6A,-0.624527,-2.446661,9.903893,0.268323,-0.153938,-0.820545,18.88
150216,229,0x6B,0.031107,-2.949154,9.960124,-0.449902,0.131641,0.078038,21.10
150218,230,0x6A,-0.567099,-2.293520,10.414761,0.306654,-0.101709,-0.944398,18.88
150218,230,0x6B,0.008375,-2.961118,9.888340,-0.471893,0.137139,0.088270,21.10
150221,231,0x6A,-0.601795,-2.228914,10.575080,0.414319,-0.033292,-1.069930,18.88
150221,231,0x6B,0.029910,-2.987439,9.835698,-0.487165,0.142026,0.091935,21.10
150223,232,0x6A,-0.690329,-2.190629,10.596614,0.575435,0.032834,-1.192409,18.88
150223,232,0x6B,0.023928,-3.034099,9.786645,-0.503048,0.146302,0.099113,21.10
