timestamp_ms,sample_number,imu,ax,ay,az,gx,gy,gz
46126,0,0x6A,-7.403394,5.977271,-1.454836,-0.060018,-0.069944,-0.547641
46126,0,0x6B,-9.672985,-0.244068,-1.574477,0.047800,-0.034208,-0.041539
46128,1,0x6A,-7.365108,5.893522,-1.463211,-0.075136,-0.054978,-0.528398
46128,1,0x6B,-9.670592,-0.267996,-1.570888,0.049633,-0.040470,-0.051007
46131,2,0x6A,-7.451250,5.937789,-1.520639,-0.077885,-0.052534,-0.520763
46131,2,0x6B,-9.669396,-0.288335,-1.568495,0.045509,-0.036499,-0.057421
46133,3,0x6A,-7.495517,5.970093,-1.489532,-0.080176,-0.047342,-0.514807
46133,3,0x6B,-9.694522,-0.299103,-1.575674,0.047342,-0.032834,-0.068570
46136,4,0x6A,-7.578069,6.017949,-1.508675,-0.083689,-0.041844,-0.508240
46136,4,0x6B,-9.672985,-0.247657,-1.598405,0.045204,-0.033903,-0.072846
46138,5,0x6A,-7.584052,5.976075,-1.507478,-0.081856,-0.040470,-0.507018
46138,5,0x6B,-9.725628,-0.228515,-1.617548,0.044135,-0.030391,-0.077580
46141,6,0x6A,-7.782655,5.978468,-1.514657,-0.079718,-0.048411,-0.512669
46141,6,0x6B,-9.702895,-0.262014,-1.603191,0.041539,-0.024740,-0.086743
46143,7,0x6A,-7.719245,6.028717,-1.476372,-0.076664,-0.057574,-0.521832
46143,7,0x6B,-9.747163,-0.235693,-1.673779,0.041692,-0.019700,-0.090561
46146,8,0x6A,-7.697711,6.051448,-1.485943,-0.071471,-0.059101,-0.525650
46146,8,0x6B,-9.714860,-0.241675,-1.703690,0.043219,-0.010385,-0.094990
46148,9,0x6A,-7.574481,5.954540,-1.568495,-0.055436,-0.057116,-0.523511
46148,9,0x6B,-9.753145,-0.242872,-1.704886,0.041233,-0.001374,-0.093768
46151,10,0x6A,-7.543374,6.071788,-1.622334,-0.048106,-0.069639,-0.512058
46151,10,0x6B,-9.723235,-0.226122,-1.744368,0.037874,0.010079,-0.091172
46153,11,0x6A,-7.652247,6.088538,-1.708475,-0.032529,-0.086590,-0.507171
46153,11,0x6B,-9.751948,-0.250050,-1.752743,0.036957,0.016952,-0.089492
46156,12,0x6A,-7.752745,6.157929,-1.709672,-0.017410,-0.102931,-0.507629
46156,12,0x6B,-9.774681,-0.281157,-1.781457,0.034667,0.032834,-0.086132
46158,13,0x6A,-7.756335,6.151947,-1.719243,-0.001527,-0.111788,-0.513890
46158,13,0x6B,-9.791430,-0.265603,-1.782653,0.030238,0.043371,-0.082925
46161,14,0x6A,-7.768299,6.122036,-1.688136,0.008858,-0.125991,-0.519083
46161,14,0x6B,-9.771091,-0.238086,-1.820938,0.029322,0.052687,-0.078802
46163,15,0x6A,-7.762317,6.174679,-1.594816,0.019395,-0.142790,-0.523511
46163,15,0x6B,-9.772288,-0.240479,-1.837688,0.025351,0.066890,-0.073762
46166,16,0x6A,-7.892725,6.262017,-1.579263,0.027642,-0.163712,-0.542754
46166,16,0x6B,-9.781858,-0.228515,-1.797010,0.021686,0.064904,-0.065973
46168,17,0x6A,-8.054241,6.192625,-1.475175,0.031154,-0.216399,-0.568716
46168,17,0x6B,-9.772288,-0.206979,-1.813760,0.017562,0.071929,-0.059712
46171,18,0x6A,-7.764710,6.052645,-1.409373,0.037874,-0.206625,-0.570548
46171,18,0x6B,-9.785448,-0.221336,-1.780260,0.013897,0.075900,-0.054062
46173,19,0x6A,-7.584052,6.058627,-1.544567,0.044288,-0.201891,-0.563370
46173,19,0x6B,-9.786645,-0.240479,-1.738386,0.008858,0.072846,-0.049786
46176,20,0x6A,-7.933403,6.315856,-1.307678,0.049022,-0.203571,-0.558636
46176,20,0x6B,-9.787842,-0.245264,-1.750350,0.006720,0.067042,-0.044440
46178,21,0x6A,-8.075776,5.912665,-1.530210,0.040164,-0.221897,-0.578947
46178,21,0x6B,-9.781858,-0.260818,-1.716850,0.004123,0.062919,-0.039859
46181,22,0x6A,-7.702497,5.526224,-1.542174,0.059559,-0.226631,-0.558178
46181,22,0x6B,-9.771091,-0.247657,-1.731207,-0.002291,0.057727,-0.033445
46183,23,0x6A,-7.641479,5.700900,-1.349552,0.057269,-0.232587,-0.530995
46183,23,0x6B,-9.759127,-0.260818,-1.761117,-0.003971,0.045662,-0.027184
46186,24,0x6A,-7.582855,5.471189,-1.280160,0.043066,-0.227853,-0.513127
46186,24,0x6B,-9.774681,-0.221336,-1.765903,-0.006872,0.040775,-0.024129
46188,25,0x6A,-7.922636,5.586044,-1.001396,0.031765,-0.209374,-0.470061
46188,25,0x6B,-9.736396,-0.211765,-1.816152,-0.008094,0.033445,-0.019700
46191,26,0x6A,-8.062616,5.554937,-0.959522,0.009010,-0.177151,-0.452040
46191,26,0x6B,-9.737592,-0.233300,-1.797010,-0.010537,0.026267,-0.016646
46193,27,0x6A,-8.292327,5.712864,-0.905683,-0.022449,-0.159741,-0.435547
46193,27,0x6B,-9.713663,-0.246461,-1.813760,-0.012981,0.014661,-0.012981
46196,28,0x6A,-8.262416,5.654240,-1.022932,-0.048564,-0.125533,-0.422108
46196,28,0x6B,-9.705289,-0.186640,-1.817349,0.001222,-0.011148,0.018479
46226,29,0x6A,-8.401200,5.769095,-0.918844,-0.181732,0.038485,-0.321162
46226,29,0x6B,-9.699306,-0.187837,-1.828116,0.000153,-0.012523,0.018326
46228,30,0x6A,-8.380861,5.810970,-0.955933,-0.185092,0.055283,-0.303447
46228,30,0x6B,-9.701700,-0.166301,-1.808974,-0.002291,-0.019700,0.021686
46231,31,0x6A,-8.389236,5.814559,-0.994218,-0.184023,0.059865,-0.293673
46231,31,0x6B,-9.678967,-0.166301,-1.810170,-0.003512,-0.022907,0.019700
46233,32,0x6A,-8.376076,5.846862,-1.016950,-0.184176,0.062919,-0.279318
46233,32,0x6B,-9.675379,-0.148355,-1.792224,-0.005956,-0.023060,0.022144
46236,33,0x6A,-8.295916,5.843273,-1.013360,-0.183412,0.060628,-0.271835
46236,33,0x6B,-9.701700,-0.122034,-1.771885,-0.007330,-0.028863,0.021686
46238,34,0x6A,-8.319845,5.842077,-0.981057,-0.182191,0.058032,-0.256258
46238,34,0x6B,-9.696914,-0.136391,-1.787439,-0.009621,-0.029932,0.021991
46241,35,0x6A,-8.228917,5.838487,-0.978664,-0.177304,0.057574,-0.242514
46241,35,0x6B,-9.653843,-0.114855,-1.755135,-0.012370,-0.038790,0.023518
46243,36,0x6A,-8.204989,5.799006,-1.003789,-0.173638,0.054062,-0.221897
46243,36,0x6B,-9.670592,-0.111266,-1.719243,-0.016188,-0.045204,0.020311
46246,37,0x6A,-8.147561,5.783452,-1.019342,-0.166461,0.053756,-0.196851
46246,37,0x6B,-9.647861,-0.107677,-1.718047,-0.015730,-0.049327,0.020464
46248,38,0x6A,-8.188239,5.809773,-1.057628,-0.160658,0.048717,-0.168752
46248,38,0x6B,-9.674182,-0.088534,-1.720440,-0.015730,-0.057574,0.018021
46251,39,0x6A,-8.173882,5.838487,-1.062413,-0.157145,0.047495,-0.148593
46251,39,0x6B,-9.680164,-0.092124,-1.665405,-0.012981,-0.063225,0.014661
46253,40,0x6A,-8.196614,5.916254,-1.080359,-0.150273,0.045662,-0.125380
46253,40,0x6B,-9.687343,-0.050249,-1.689333,-0.013592,-0.070097,0.014813
46256,41,0x6A,-8.202596,5.941379,-1.133002,-0.142484,0.045815,-0.105832
46256,41,0x6B,-9.662218,-0.040678,-1.733600,-0.011606,-0.072693,0.014508
46258,42,0x6A,-8.171490,5.965307,-1.186840,-0.130572,0.037415,-0.094990
46258,42,0x6B,-9.706486,-0.013161,-1.756332,-0.013592,-0.076816,0.014966
46261,43,0x6A,-8.161918,6.009574,-1.246661,-0.118202,0.030543,-0.080481
46261,43,0x6B,-9.667004,0.044267,-1.775474,-0.010690,-0.071929,0.016952
46263,44,0x6A,-8.115258,6.046663,-1.292124,-0.103389,0.021228,-0.070250
46263,44,0x6B,-9.687343,0.027517,-1.792224,-0.012065,-0.071013,0.018021
46266,45,0x6A,-8.062616,6.055038,-1.307678,-0.095142,0.013592,-0.057421
46266,45,0x6B,-9.650254,0.046660,-1.811367,-0.010079,-0.066737,0.017410
46268,46,0x6A,-8.065009,6.028717,-1.336391,-0.083230,-0.002749,-0.039859
46268,46,0x6B,-9.662218,0.051446,-1.785046,-0.007330,-0.056810,0.021228
46271,47,0x6A,-8.023134,6.047859,-1.324427,-0.068570,-0.011759,-0.031001
46271,47,0x6B,-9.669396,0.046660,-1.755135,-0.008399,-0.049327,0.018479
46273,48,0x6A,-8.057830,6.014360,-1.264607,-0.058338,-0.023060,-0.027184
46273,48,0x6B,-9.625129,0.015553,-1.714458,-0.005803,-0.044288,0.018173
46276,49,0x6A,-8.009974,5.989235,-1.277767,-0.050549,-0.032070,-0.018937
46276,49,0x6B,-9.633504,0.005982,-1.701297,-0.006261,-0.040775,0.015119
46278,50,0x6A,-8.042276,5.986843,-1.270589,-0.043219,-0.044288,-0.014966
46278,50,0x6B,-9.638290,0.023928,-1.665405,-0.005803,-0.035888,0.010537
46281,51,0x6A,-7.962118,6.033503,-1.250250,-0.032681,-0.053909,-0.012217
46281,51,0x6B,-9.638290,-0.028714,-1.619941,-0.003971,-0.029169,0.005192
46283,52,0x6A,-7.972885,6.083752,-1.232304,-0.031460,-0.061697,-0.007025
46283,52,0x6B,-9.603594,-0.035892,-1.601995,-0.003818,-0.023213,-0.001222
46286,53,0x6A,-7.947760,6.128019,-1.225125,-0.029169,-0.065821,-0.003360
46286,53,0x6B,-9.611969,-0.020339,-1.579263,-0.003512,-0.020922,-0.005498
46288,54,0x6A,-7.969296,6.102894,-1.220340,-0.033292,-0.071777,-0.002443
46288,54,0x6B,-9.621540,-0.047856,-1.548156,-0.002749,-0.020769,-0.009621
46291,55,0x6A,-7.990831,6.069395,-1.223929,-0.038026,-0.072082,0.001985
46291,55,0x6B,-9.631111,-0.072981,-1.518246,-0.000305,-0.008858,-0.020159
46293,56,0x6A,-8.001599,6.058627,-1.215554,-0.036957,-0.071929,0.001069
46293,56,0x6B,-9.759127,-0.198604,-1.648655,0.011148,-0.010690,-0.013592
46411,57,0x6A,-7.660622,5.795416,-1.318445,-0.017562,0.044593,-0.130572
46411,57,0x6B,-9.742377,-0.202194,-1.621137,0.010996,-0.011301,-0.011301
46414,58,0x6A,-7.702497,5.788238,-1.350748,-0.013286,0.045509,-0.131183
46414,58,0x6B,-9.739985,-0.204586,-1.640280,0.012523,-0.011148,-0.009927
46416,59,0x6A,-7.690532,5.665007,-1.354338,-0.005651,0.044135,-0.128434
46416,59,0x6B,-9.757931,-0.179462,-1.657030,0.016188,-0.010843,-0.006109
46419,60,0x6A,-7.667800,5.676972,-1.380659,0.008399,0.037415,-0.127518
46419,60,0x6B,-9.757931,-0.181855,-1.695315,0.016952,-0.013439,0.001222
46421,61,0x6A,-7.651050,5.679365,-1.405783,0.019853,0.028711,-0.123547
46421,61,0x6B,-9.725628,-0.192622,-1.710868,0.019548,-0.017715,0.000611
46424,62,0x6A,-7.625926,5.637490,-1.448854,0.028863,0.022297,-0.122631
46424,62,0x6B,-9.749557,-0.184247,-1.720440,0.020311,-0.018631,0.007330
46426,63,0x6A,-7.615158,5.626722,-1.453640,0.034819,0.010996,-0.118050
46426,63,0x6B,-9.732806,-0.204586,-1.743171,0.023060,-0.020006,0.006261
46429,64,0x6A,-7.616355,5.582456,-1.422533,0.043524,-0.002902,-0.108887
46429,64,0x6B,-9.739985,-0.214158,-1.785046,0.021228,-0.021533,0.006720
46431,65,0x6A,-7.643872,5.600402,-1.430908,0.058796,-0.022144,-0.106443
46431,65,0x6B,-9.692128,-0.222532,-1.800599,0.020922,-0.019090,0.010385
46434,66,0x6A,-7.673782,5.596812,-1.386641,0.062156,-0.030849,-0.099418
46434,66,0x6B,-9.689735,-0.223729,-1.866402,0.017410,-0.018326,0.009010
46436,67,0x6A,-7.731210,5.605187,-1.360320,0.064599,-0.038790,-0.097280
46436,67,0x6B,-9.694522,-0.235693,-1.867598,0.013439,-0.012217,0.011148
46439,68,0x6A,-7.755138,5.625526,-1.365105,0.060476,-0.039554,-0.094684
46439,68,0x6B,-9.694522,-0.251246,-1.887937,0.005651,-0.003054,0.012523
46441,69,0x6A,-7.747960,5.595616,-1.403391,0.060781,-0.045815,-0.094531
46441,69,0x6B,-9.693325,-0.251246,-1.903490,0.003360,-0.000458,0.011148
46444,70,0x6A,-7.751549,5.623133,-1.391426,0.060170,-0.049022,-0.090561
46444,70,0x6B,-9.681360,-0.278764,-1.940579,-0.003054,0.007330,0.008858
46446,71,0x6A,-7.788638,5.657829,-1.362713,0.059712,-0.054978,-0.089034
46446,71,0x6B,-9.646665,-0.260818,-1.929811,-0.011301,0.014966,0.008858
46449,72,0x6A,-7.800602,5.617151,-1.369891,0.058948,-0.058032,-0.091324
46449,72,0x6B,-9.638290,-0.302692,-1.927419,-0.017104,0.021991,0.007330
46451,73,0x6A,-7.739585,5.578866,-1.406980,0.072235,-0.064294,-0.089034
46451,73,0x6B,-9.638290,-0.339781,-1.914258,-0.022602,0.027184,0.006109
46454,74,0x6A,-7.769495,5.623133,-1.363909,0.079260,-0.067806,-0.088881
46454,74,0x6B,-9.658628,-0.329013,-1.866402,-0.028863,0.035736,0.005040
46456,75,0x6A,-7.691729,5.635097,-1.392623,0.084147,-0.069944,-0.082467
46456,75,0x6B,-9.656236,-0.350549,-1.818545,-0.035888,0.041081,0.002443
46459,76,0x6A,-7.659425,5.647061,-1.397408,0.089797,-0.074831,-0.079107
46459,76,0x6B,-9.690931,-0.336192,-1.725225,-0.040928,0.043830,0.001374
46461,77,0x6A,-7.636693,5.627919,-1.421337,0.094837,-0.075289,-0.072846
46461,77,0x6B,-9.744770,-0.361316,-1.730011,-0.046731,0.046578,-0.001222
46464,78,0x6A,-7.665407,5.630312,-1.450051,0.095142,-0.078954,-0.068722
46464,78,0x6B,-9.729217,-0.392423,-1.716850,-0.053603,0.045968,-0.006567
46466,79,0x6A,-7.653443,5.632704,-1.458425,0.100182,-0.086132,-0.066126
46466,79,0x6B,-9.747163,-0.350549,-1.721636,-0.058948,0.041233,-0.010690
46469,80,0x6A,-7.661819,5.649454,-1.410569,0.098807,-0.092699,-0.064752
46469,80,0x6B,-9.754342,-0.319442,-1.709672,-0.062461,0.040470,-0.010996
46471,81,0x6A,-7.653443,5.655437,-1.389034,0.089339,-0.106291,-0.067653
46471,81,0x6B,-9.736396,-0.334995,-1.697708,-0.063988,0.034361,-0.012675
46474,82,0x6A,-7.660622,5.655437,-1.418944,0.083078,-0.115148,-0.068264
46474,82,0x6B,-9.735199,-0.299103,-1.725225,-0.066126,0.036957,-0.014355
46476,83,0x6A,-7.674979,5.698507,-1.373480,0.077274,-0.126296,-0.067348
46476,83,0x6B,-9.736396,-0.260818,-1.715654,-0.065363,0.035583,-0.011301
46479,84,0x6A,-7.718050,5.724828,-1.363909,0.068722,-0.131183,-0.075442
46479,84,0x6B,-9.756735,-0.238086,-1.706082,-0.064599,0.031001,-0.006414
46594,85,0x6A,-8.093722,5.140979,-1.349552,0.022907,-0.065057,-0.228464
46594,85,0x6B,-9.555737,-0.020339,-1.746760,0.026114,-0.030238,-0.051313
46597,86,0x6A,-8.078170,5.118248,-1.275375,0.021075,-0.068417,-0.211207
46597,86,0x6B,-9.562916,-0.092124,-1.737189,0.030085,-0.027489,-0.058185
46599,87,0x6A,-8.103294,5.076373,-1.259821,0.017715,-0.066584,-0.191506
46599,87,0x6B,-9.505488,-0.107677,-1.722832,0.033445,-0.020311,-0.070097
46602,88,0x6A,-8.115258,5.112266,-1.222732,0.013134,-0.069028,-0.176693
46602,88,0x6B,-9.573684,-0.100499,-1.673779,0.036041,-0.023518,-0.075900
46604,89,0x6A,-8.132008,5.099105,-1.284946,0.004581,-0.066279,-0.155618
46604,89,0x6B,-9.594023,-0.117248,-1.664208,0.035888,-0.028405,-0.076511
46607,90,0x6A,-8.130812,5.107480,-1.311267,-0.001222,-0.064599,-0.129351
46607,90,0x6B,-9.615559,-0.126820,-1.688136,0.037415,-0.021686,-0.080787
46609,91,0x6A,-8.188239,5.085945,-1.316052,-0.006261,-0.061087,-0.116981
46609,91,0x6B,-9.609575,-0.118445,-1.649851,0.033598,-0.026725,-0.086437
46612,92,0x6A,-8.264810,5.063213,-1.302892,-0.009010,-0.060781,-0.105374
46612,92,0x6B,-9.615559,-0.108873,-1.649851,0.035430,-0.027336,-0.089797
46614,93,0x6A,-8.258827,5.081159,-1.310070,-0.005803,-0.060170,-0.094684
46614,93,0x6B,-9.626326,-0.123230,-1.688136,0.034361,-0.026420,-0.094226
46617,94,0x6A,-8.286345,5.109873,-1.258625,-0.007636,-0.060934,-0.085216
46617,94,0x6B,-9.616754,-0.110070,-1.688136,0.033750,-0.034361,-0.098655
46619,95,0x6A,-8.270791,5.113462,-1.213161,-0.007025,-0.058338,-0.072082
46619,95,0x6B,-9.616754,-0.112463,-1.718047,0.032376,-0.036346,-0.098349
46622,96,0x6A,-8.297112,5.085945,-1.184447,-0.010843,-0.053756,-0.066890
46622,96,0x6B,-9.645469,-0.095713,-1.720440,0.030543,-0.035277,-0.101862
46624,97,0x6A,-8.298308,5.119444,-1.137787,-0.011606,-0.049786,-0.054520
46624,97,0x6B,-9.657433,-0.122034,-1.773082,0.028405,-0.037721,-0.104000
46627,98,0x6A,-8.331809,5.175676,-1.155733,-0.014050,-0.040164,-0.047647
46627,98,0x6B,-9.684950,-0.078963,-1.799403,0.027794,-0.034972,-0.102473
46629,99,0x6A,-8.400003,5.228317,-1.207179,-0.022297,-0.023824,-0.047037
46629,99,0x6B,-9.694522,-0.082552,-1.817349,0.026725,-0.031154,-0.100640
46632,100,0x6A,-8.398808,5.221139,-1.234697,-0.021533,-0.012675,-0.045204
46632,100,0x6B,-9.718450,-0.051446,-1.822134,0.023671,-0.031612,-0.095448
46634,101,0x6A,-8.420342,5.259424,-1.280160,-0.022755,-0.006872,-0.048411
46634,101,0x6B,-9.737592,-0.062213,-1.830509,0.018326,-0.028711,-0.092699
46637,102,0x6A,-8.462217,5.282156,-1.319642,-0.016646,-0.000458,-0.052993
46637,102,0x6B,-9.708878,-0.057428,-1.823331,0.017868,-0.025045,-0.090408
46639,103,0x6A,-8.423933,5.307281,-1.319642,-0.014203,0.003360,-0.057574
46639,103,0x6B,-9.745967,-0.059821,-1.847259,0.014508,-0.021380,-0.082925
46642,104,0x6A,-8.383254,5.297709,-1.317249,-0.006720,0.008858,-0.062614
46642,104,0x6B,-9.739985,-0.086142,-1.823331,0.012217,-0.019395,-0.078191
46644,105,0x6A,-8.325827,5.282156,-1.317249,-0.001222,0.012981,-0.065668
46644,105,0x6B,-9.708878,-0.087338,-1.829313,0.012370,-0.015882,-0.074220
46647,106,0x6A,-8.227720,5.313262,-1.292124,0.000000,0.018784,-0.071624
46647,106,0x6B,-9.725628,-0.113659,-1.819742,0.011148,-0.012065,-0.070250
46649,107,0x6A,-8.203793,5.344369,-1.296910,-0.010690,0.024740,-0.075442
46649,107,0x6B,-9.708878,-0.114855,-1.799403,0.008247,-0.011301,-0.064446
46652,108,0x6A,-8.181061,5.347959,-1.304088,-0.023213,0.031154,-0.082925
46652,108,0x6B,-9.747163,-0.107677,-1.800599,0.007025,-0.008247,-0.058796
46654,109,0x6A,-8.188239,5.332406,-1.338784,-0.035125,0.034208,-0.090561
46654,109,0x6B,-9.737592,-0.100499,-1.745564,0.010385,-0.012370,-0.054978
46657,110,0x6A,-8.203793,5.320441,-1.403391,-0.044593,0.036652,-0.097128
46657,110,0x6B,-9.690931,-0.105284,-1.703690,0.011454,-0.010385,-0.050244
46659,111,0x6A,-8.213365,5.395815,-1.458425,-0.041081,0.036346,-0.110414
46659,111,0x6B,-9.700503,-0.099302,-1.664208,0.015272,-0.013744,-0.045357
46662,112,0x6A,-8.181061,5.418547,-1.525424,-0.031918,0.036652,-0.120493
46662,112,0x6B,-9.699306,-0.145962,-1.611566,0.016952,-0.014966,-0.043219
46780,113,0x6A,-8.008778,5.367101,-1.503889,-0.060323,-0.056047,-0.038790
46780,113,0x6B,-9.769895,-0.220140,-1.532603,0.065821,-0.059559,-0.019242
46783,114,0x6A,-8.012366,5.382654,-1.505085,-0.057879,-0.064141,-0.037263
46783,114,0x6B,-9.784252,-0.198604,-1.544567,0.063072,-0.062614,-0.014203
46785,115,0x6A,-8.013563,5.397011,-1.467997,-0.058185,-0.069180,-0.032529
46785,115,0x6B,-9.768699,-0.240479,-1.574477,0.064294,-0.064752,-0.012981
46788,116,0x6A,-8.039885,5.338387,-1.415355,-0.063988,-0.074067,-0.030238
46788,116,0x6B,-9.784252,-0.221336,-1.610370,0.065668,-0.064752,-0.008552
46790,117,0x6A,-7.988439,5.357530,-1.379462,-0.069486,-0.080481,-0.028558
46790,117,0x6B,-9.771091,-0.197408,-1.592423,0.064294,-0.062156,0.001222
46793,118,0x6A,-7.995617,5.371887,-1.310070,-0.075289,-0.079718,-0.021838
46793,118,0x6B,-9.757931,-0.189033,-1.610370,0.063377,-0.058490,0.005192
46795,119,0x6A,-8.000402,5.326423,-1.293321,-0.086132,-0.081398,-0.017715
46795,119,0x6B,-9.795019,-0.190229,-1.630709,0.059559,-0.060781,0.009010
46798,120,0x6A,-8.001599,5.406582,-1.288535,-0.098502,-0.082772,-0.012523
46798,120,0x6B,-9.789038,-0.180658,-1.640280,0.060323,-0.055436,0.012065
46800,121,0x6A,-7.989635,5.419744,-1.339981,-0.109650,-0.084910,-0.007941
46800,121,0x6B,-9.767502,-0.200997,-1.637887,0.059559,-0.058948,0.016493
46803,122,0x6A,-7.969296,5.461617,-1.347159,-0.116064,-0.086437,-0.008094
46803,122,0x6B,-9.759127,-0.172283,-1.651048,0.061392,-0.057879,0.018631
46805,123,0x6A,-7.954939,5.523831,-1.357927,-0.124464,-0.087965,-0.004276
46805,123,0x6B,-9.745967,-0.184247,-1.637887,0.059559,-0.058490,0.022449
46808,124,0x6A,-7.950153,5.546563,-1.319642,-0.129503,-0.092393,0.001069
46808,124,0x6B,-9.722038,-0.196211,-1.596013,0.060934,-0.062308,0.023976
46810,125,0x6A,-7.946565,5.578866,-1.350748,-0.135612,-0.098349,0.001069
46810,125,0x6B,-9.754342,-0.212961,-1.578067,0.056047,-0.061239,0.025351
46813,126,0x6A,-7.917850,5.588438,-1.347159,-0.132863,-0.104000,0.002443
46813,126,0x6B,-9.706486,-0.257228,-1.584049,0.055741,-0.067042,0.025351
46815,127,0x6A,-7.899904,5.607580,-1.310070,-0.133474,-0.114232,0.007789
46815,127,0x6B,-9.700503,-0.236889,-1.590031,0.054672,-0.071013,0.023518
46818,128,0x6A,-7.903493,5.605187,-1.237089,-0.130572,-0.120035,0.007483
46818,128,0x6B,-9.713663,-0.244068,-1.648655,0.055894,-0.077427,0.022449
46820,129,0x6A,-7.913064,5.600402,-1.192822,-0.124769,-0.129351,0.012523
46820,129,0x6B,-9.658628,-0.220140,-1.663012,0.057421,-0.070708,0.020769
46823,130,0x6A,-7.929814,5.635097,-1.117448,-0.116370,-0.130878,0.014508
46823,130,0x6B,-9.678967,-0.227318,-1.707279,0.054825,-0.073304,0.018021
46825,131,0x6A,-7.942975,5.693722,-1.046860,-0.110872,-0.131641,0.017410
46825,131,0x6B,-9.628718,-0.177069,-1.703690,0.056200,-0.074984,0.019242
46828,132,0x6A,-7.925028,5.699704,-1.051646,-0.106443,-0.128740,0.020769
46828,132,0x6B,-9.669396,-0.181855,-1.722832,0.058948,-0.069639,0.018784
46830,133,0x6A,-7.972885,5.722435,-1.042074,-0.101556,-0.126144,0.018479
46830,133,0x6B,-9.681360,-0.174676,-1.701297,0.056352,-0.064294,0.019853
46833,134,0x6A,-7.948956,5.714061,-1.098306,-0.091019,-0.126144,0.016952
46833,134,0x6B,-9.689735,-0.162712,-1.724029,0.055283,-0.064752,0.022297
46835,135,0x6A,-7.954939,5.755935,-1.089931,-0.080787,-0.131031,0.013592
46835,135,0x6B,-9.688540,-0.163908,-1.724029,0.056505,-0.054825,0.022755
46838,136,0x6A,-8.026724,5.769095,-1.100698,-0.071624,-0.131489,0.014813
46838,136,0x6B,-9.692128,-0.149551,-1.739582,0.053756,-0.055589,0.023213
46840,137,0x6A,-7.989635,5.834898,-1.104288,-0.058796,-0.133779,0.006261
46840,137,0x6B,-9.667004,-0.161516,-1.743171,0.051618,-0.053451,0.025045
46843,138,0x6A,-8.002795,5.852845,-1.221536,-0.042913,-0.131947,0.005192
46843,138,0x6B,-9.664610,-0.161516,-1.746760,0.052534,-0.055283,0.025198
46845,139,0x6A,-7.987242,5.825326,-1.272982,-0.030849,-0.133169,0.000153
46845,139,0x6B,-9.674182,-0.119641,-1.724029,0.050855,-0.054520,0.029780
46848,140,0x6A,-7.928618,5.776274,-1.272982,-0.018173,-0.136528,-0.006720
46848,140,0x6B,-9.668200,-0.133998,-1.690529,0.049480,-0.053145,0.030085
46965,141,0x6A,-7.301698,5.081159,-1.819742,-0.193339,-0.255342,-0.101404
46965,141,0x6B,-9.741181,0.139980,-1.849652,-0.052534,-0.065668,0.130267
46968,142,0x6A,-7.247860,5.063213,-1.893919,-0.204334,-0.283441,-0.098197
46968,142,0x6B,-9.785448,0.145962,-1.838884,-0.052534,-0.063988,0.137139
46970,143,0x6A,-7.232306,5.133801,-1.995614,-0.222355,-0.305433,-0.097280
46970,143,0x6B,-9.784252,0.169890,-1.841277,-0.048564,-0.088728,0.141415
46973,144,0x6A,-7.156933,5.180461,-2.112862,-0.228616,-0.330173,-0.099266
46973,144,0x6B,-9.742377,0.197408,-1.861616,-0.044899,-0.105069,0.148288
46975,145,0x6A,-7.087541,5.259424,-2.206183,-0.234572,-0.356593,-0.105832
46975,145,0x6B,-9.719646,0.250050,-1.867598,-0.041997,-0.112857,0.154243
46978,146,0x6A,-7.069595,5.341977,-2.269592,-0.242666,-0.382249,-0.111636
46978,146,0x6B,-9.656236,0.290728,-1.956133,-0.037874,-0.133627,0.156229
46980,147,0x6A,-7.000203,5.395815,-2.310270,-0.255800,-0.411418,-0.120799
46980,147,0x6B,-9.676576,0.272782,-1.982454,-0.040928,-0.144928,0.153022
46983,148,0x6A,-7.025328,5.459225,-2.366502,-0.254884,-0.438907,-0.133932
46983,148,0x6B,-9.645469,0.278764,-2.008775,-0.044288,-0.159741,0.151800
46985,149,0x6A,-6.969096,5.544170,-2.394019,-0.270461,-0.463341,-0.143095
46985,149,0x6B,-9.629915,0.282353,-1.978864,-0.039401,-0.175776,0.154702
46988,150,0x6A,-6.908079,5.598009,-2.455036,-0.273362,-0.490830,-0.169668
46988,150,0x6B,-9.615559,0.300299,-2.003989,-0.031918,-0.194102,0.158520
46990,151,0x6A,-6.948757,5.613562,-2.486143,-0.282678,-0.517097,-0.186925
46990,151,0x6B,-9.572487,0.464208,-2.094916,-0.027031,-0.211512,0.166155
46993,152,0x6A,-6.904490,5.672186,-2.487339,-0.288481,-0.532216,-0.204029
46993,152,0x6B,-9.509077,0.662812,-2.070988,-0.020922,-0.226478,0.180205
46995,153,0x6A,-6.850651,5.724828,-2.536392,-0.290925,-0.544586,-0.226326
46995,153,0x6B,-9.327223,0.890130,-1.907080,-0.027031,-0.271377,0.207847
46998,154,0x6A,-6.696314,5.678168,-2.563910,-0.296117,-0.558789,-0.247400
46998,154,0x6B,-9.566504,0.465404,-2.142773,-0.037415,-0.295506,0.223271
47000,155,0x6A,-6.546762,5.687739,-2.645265,-0.299782,-0.578184,-0.275348
47000,155,0x6B,-9.521042,0.477368,-2.220540,-0.026267,-0.317650,0.220064
47003,156,0x6A,-6.358926,5.723632,-2.679961,-0.318719,-0.607506,-0.297033
47003,156,0x6B,-9.418150,0.558724,-2.279164,-0.010843,-0.342695,0.218232
47005,157,0x6A,-6.179464,5.771488,-2.769692,-0.335518,-0.646143,-0.329715
47005,157,0x6B,-9.279366,0.630509,-2.291128,0.002596,-0.363465,0.215177
47008,158,0x6A,-5.933003,5.850451,-2.882155,-0.350026,-0.705091,-0.377667
47008,158,0x6B,-8.870193,0.885344,-1.954936,0.021686,-0.392939,0.220217
47010,159,0x6A,-5.789434,5.852845,-2.995814,-0.355218,-0.808327,-0.406684
47010,159,0x6B,-8.714660,0.943969,-1.840081,0.066737,-0.450666,0.224798
47013,160,0x6A,-5.647061,5.816952,-3.048456,-0.352011,-0.882700,-0.426842
47013,160,0x6B,-9.052048,0.908076,-1.879562,0.081703,-0.508393,0.216704
47015,161,0x6A,-5.699704,5.834898,-2.943172,-0.342848,-0.953561,-0.450971
47015,161,0x6B,-9.272187,0.799203,-1.782653,0.067042,-0.565661,0.215788
47018,162,0x6A,-5.816952,6.483353,-2.580659,-0.336587,-1.010371,-0.471741
47018,162,0x6B,-9.284152,0.483350,-1.721636,0.055131,-0.616974,0.209221
47020,163,0x6A,-6.543174,8.273185,-0.940379,-0.374308,-1.043969,-0.525650
47020,163,0x6B,-9.201600,0.421137,-1.774278,0.068570,-0.700662,0.182496
47023,164,0x6A,-6.668797,3.792624,-2.285146,-0.502895,-0.885449,-0.639118
47023,164,0x6B,-9.062817,0.466600,-1.805385,0.097891,-0.759305,0.169668
47025,165,0x6A,-5.423333,5.486742,-3.370291,-0.395841,-0.996016,-0.480904
47025,165,0x6B,-8.962317,0.602991,-1.878366,0.132252,-0.815963,0.150884
47028,166,0x6A,-5.874380,4.931607,-3.341577,-0.336739,-1.049925,-0.466243
47028,166,0x6B,-8.909675,0.765703,-1.891526,0.159283,-0.872010,0.141568
47030,167,0x6A,-6.209374,5.489135,-2.883351,-0.234114,-1.126894,-0.435700
47030,167,0x6B,-8.729016,1.100698,-1.797010,0.178525,-0.932791,0.138361
47033,168,0x6A,-6.381658,5.721239,-2.161915,-0.203265,-1.132697,-0.447764
47033,168,0x6B,-8.775677,1.058824,-1.739582,0.184787,-1.005790,0.152716
47149,169,0x6A,-4.606184,2.411965,-1.562513,-2.623361,-4.698012,-1.992031
47149,169,0x6B,-7.896315,0.976272,-0.307478,-0.124006,-5.003597,-0.569632
47152,170,0x6A,-5.050053,2.018346,-1.079163,-2.817769,-4.809800,-1.985007
47152,170,0x6B,-7.786245,0.833899,-0.092124,-0.110108,-5.003597,-0.610102
47154,171,0x6A,-5.592027,1.678565,-0.562313,-3.004846,-4.887380,-1.941177
47154,171,0x6B,-7.684550,0.734596,0.155533,-0.084147,-5.003597,-0.652862
47157,172,0x6A,-6.155536,1.460818,-0.038285,-3.211624,-4.897765,-1.871844
47157,172,0x6B,-7.520642,0.680758,0.339781,-0.068875,-5.003597,-0.701121
47159,173,0x6A,-6.614958,1.530210,0.519243,-3.461773,-4.851645,-1.806787
47159,173,0x6B,-7.361519,0.622134,0.540778,-0.056505,-5.003597,-0.750448
47162,174,0x6A,-6.990632,0.909273,0.539581,-3.715588,-4.782159,-1.734857
47162,174,0x6B,-7.368697,0.419940,0.740579,-0.060323,-5.003597,-0.843147
47164,175,0x6A,-6.935596,0.527617,0.759721,-3.949396,-4.707633,-1.668578
47164,175,0x6B,-7.328020,0.270389,0.971486,-0.079871,-5.003597,-0.914465
47167,176,0x6A,-6.674779,0.565903,1.104288,-4.187023,-4.660138,-1.586417
47167,176,0x6B,-7.290931,0.057428,1.122234,-0.094990,-5.003597,-0.998154
47169,177,0x6A,-6.441479,0.370888,1.450051,-4.554000,-4.617988,-1.554652
47169,177,0x6B,-7.000203,-0.069392,1.195215,-0.115454,-5.003597,-1.095739
47172,178,0x6A,-6.364908,0.043071,1.814956,-4.764596,-4.613712,-1.505325
47172,178,0x6B,-6.851848,-0.145962,1.397408,-0.142942,-5.003597,-1.215469
47174,179,0x6A,-6.272785,-0.129212,2.301895,-4.946939,-4.602564,-1.459662
47174,179,0x6B,-6.894918,-0.427119,1.753939,-0.176387,-5.003597,-1.342529
47177,180,0x6A,-6.270391,-0.120838,2.867798,-5.003597,-4.587598,-1.397660
47177,180,0x6B,-7.203593,-1.257428,2.219343,-0.182496,-5.003597,-1.479821
47179,181,0x6A,-6.405586,0.108873,3.553342,-5.003597,-4.525595,-1.326647
47179,181,0x6B,-7.176075,1.451247,1.999203,-0.237168,-5.003597,-1.683850
47182,182,0x6A,-6.592227,0.970290,3.702893,-5.003597,-4.442059,-1.242805
47182,182,0x6B,-7.573284,2.440679,2.072184,-0.577268,-5.003597,-1.896431
47184,183,0x6A,-6.466603,2.100899,3.676572,-5.003597,-4.363869,-1.178359
47184,183,0x6B,-6.776474,1.178465,3.184847,-0.804968,-5.003597,-2.052965
47187,184,0x6A,-5.824131,3.719643,3.524628,-4.999016,-4.274377,-1.140791
47187,184,0x6B,-6.917650,0.205783,3.237489,-0.941954,-5.003597,-2.215608
47189,185,0x6A,-5.502296,5.096713,3.184847,-4.745812,-4.158923,-1.135140
47189,185,0x6B,-6.323034,-0.650848,3.425326,-0.991434,-5.003597,-2.402380
47192,186,0x6A,-5.097908,5.964110,3.176472,-4.440227,-4.142735,-1.144303
47192,186,0x6B,-6.605387,-1.653440,3.745964,-0.915687,-5.003597,-2.527455
47195,187,0x6A,-4.902894,6.855437,3.193222,-4.041943,-4.098906,-1.174236
47195,187,0x6B,-6.496514,-2.088934,3.659822,-0.788169,-5.003597,-2.656806
47197,188,0x6A,-4.847858,7.594819,3.065206,-3.565162,-4.108680,-1.202030
47197,188,0x6B,-6.701100,-2.538785,4.183851,-0.628886,-5.003597,-2.786309
47200,189,0x6A,-4.412365,8.093722,3.275774,-3.061656,-4.137848,-1.215316
47200,189,0x6B,-6.914061,-2.662015,4.492525,-0.450819,-5.003597,-2.917340
47202,190,0x6A,-4.214957,8.337791,2.991028,-2.550362,-4.161978,-1.231504
47202,190,0x6B,-7.270591,-2.849852,4.774878,-0.273820,-5.003597,-3.043178
47205,191,0x6A,-3.875176,8.364112,2.888137,-2.049605,-4.208556,-1.244791
47205,191,0x6B,-7.470392,-2.641676,4.819145,-0.096364,-5.003597,-3.172071
47207,192,0x6A,-3.288934,7.750352,2.696711,-1.612226,-4.283692,-1.260673
47207,192,0x6B,-7.642675,-2.242075,5.121837,0.050396,-5.003597,-3.287982
47210,193,0x6A,-2.817549,7.825727,1.970490,-0.983035,-4.428467,-1.255939
47210,193,0x6B,-7.649854,-1.767099,5.485546,0.178067,-5.003597,-3.388469
47212,194,0x6A,-2.164308,6.032306,3.046063,-0.585820,-4.710687,-1.260062
47212,194,0x6B,-7.810174,-1.429712,5.609972,0.275348,-5.003597,-3.482390
47215,195,0x6A,-1.806581,5.379066,2.682354,-0.302073,-4.778035,-1.254564
47215,195,0x6B,-7.903493,-1.414158,5.703293,0.431118,-5.003597,-3.615559
47217,196,0x6A,-1.118644,4.427918,2.366502,-0.005345,-4.906011,-1.175152
47217,196,0x6B,9.128618,-2.528017,10.870594,-1.067334,-3.898695,-2.100155
47426,197,0x6A,9.702895,-5.692525,12.037095,-2.142610,-5.003597,0.268781
47426,197,0x6B,9.159724,-2.636891,10.603794,-1.011898,-3.924046,-2.143221
47428,198,0x6A,9.241081,-6.076573,12.238091,-2.117564,-5.003597,0.197768
47428,198,0x6B,9.114262,-2.579463,10.601400,-0.962876,-3.955658,-2.178498
47431,199,0x6A,8.740981,-6.427122,12.205789,-2.132072,-5.003597,0.155923
47431,199,0x6B,9.004191,-3.078367,10.384850,-0.914923,-3.988645,-2.213165
47433,200,0x6A,8.163115,-6.685547,11.727223,-2.155438,-5.003597,0.120035
47433,200,0x6B,8.813962,-3.476772,10.454242,-0.865138,-4.031863,-2.261118
47436,201,0x6A,7.940582,-6.776474,11.251052,-2.162616,-5.003597,0.082467
47436,201,0x6B,8.773284,-3.862016,10.018748,-0.794278,-4.088521,-2.306322
47438,202,0x6A,7.844869,-6.860223,11.027323,-2.158798,-5.003597,0.090713
47438,202,0x6B,8.258827,-4.070191,9.552149,-0.712727,-4.133572,-2.348624
47441,203,0x6A,7.574481,-6.783652,10.947165,-2.145817,-5.003597,0.103847
47441,203,0x6B,8.067401,-4.193422,9.127422,-0.631482,-4.191757,-2.396424
47443,204,0x6A,7.301698,-6.732206,10.734202,-2.130087,-5.003597,0.128587
47443,204,0x6B,7.847262,-4.326224,8.541181,-0.525650,-4.225813,-2.429258
47446,205,0x6A,7.032506,-6.754939,10.437492,-2.125047,-5.003597,0.155771
47446,205,0x6B,7.812566,-4.341777,8.094919,-0.459982,-4.239863,-2.464994
47448,206,0x6A,6.927222,-6.675975,9.927821,-2.114205,-5.003597,0.171500
47448,206,0x6B,7.792227,-4.414758,7.390233,-0.420733,-4.231921,-2.497217
47451,207,0x6A,7.061220,-6.531209,9.483953,-2.096642,-5.003597,0.189979
47451,207,0x6B,7.497910,-3.006582,7.099505,-0.420886,-4.208861,-2.552348
47453,208,0x6A,7.359126,-6.394819,8.852248,-2.061975,-5.003597,0.207541
47453,208,0x6B,6.622137,-3.224329,7.214360,-0.560316,-4.241543,-2.640007
47456,209,0x6A,7.794620,-6.110073,8.420342,-2.024865,-5.003597,0.257480
47456,209,0x6B,6.999006,-3.353541,6.067001,-0.603688,-4.274835,-2.708576
47458,210,0x6A,7.858030,-5.818149,7.871190,-1.937665,-5.003597,0.294895
47458,210,0x6B,6.552745,-4.223332,6.451050,-0.696692,-4.297437,-2.758973
47461,211,0x6A,8.093722,-5.651847,7.469196,-1.900249,-5.003597,0.304974
47461,211,0x6B,6.957132,-5.227121,6.391230,-0.677144,-4.288427,-2.762180
47463,212,0x6A,8.349755,-5.921040,6.969096,-1.855809,-5.003597,0.299019
47463,212,0x6B,7.050452,-6.752545,5.416154,-0.642783,-4.273919,-2.730262
47466,213,0x6A,8.825927,-6.282356,6.780063,-1.831374,-5.003597,0.311236
47466,213,0x6B,6.865008,-7.051649,6.106483,-0.532216,-4.221689,-2.618474
47468,214,0x6A,9.164511,-6.704689,6.703492,-1.836566,-5.003597,0.311999
47468,214,0x6B,6.783652,-7.188040,6.035895,-0.358272,-4.208097,-2.519819
47471,215,0x6A,9.238688,-7.099505,6.519246,-1.863903,-5.003597,0.309861
47471,215,0x6B,6.764510,-6.772885,6.277570,-0.230754,-4.201684,-2.404671
47473,216,0x6A,9.419346,-7.365108,6.240481,-1.889101,-5.003597,0.323453
47473,216,0x6B,6.818348,-5.973681,5.753542,-0.152258,-4.212069,-2.275015
47476,217,0x6A,9.641879,-7.348359,6.279963,-1.916895,-5.003597,0.339030
47476,217,0x6B,6.653244,-5.160122,5.588438,-0.087048,-4.202753,-2.144901
47478,218,0x6A,9.720841,-7.153343,6.301498,-1.960877,-5.003597,0.370032
47478,218,0x6B,6.746563,-4.438686,5.108676,-0.067042,-4.225813,-2.019368
47481,219,0x6A,9.647861,-6.951150,6.411568,-1.988061,-5.003597,0.361785
47481,219,0x6B,6.891330,-3.838088,4.753342,-0.055283,-4.214512,-1.895973
47483,220,0x6A,9.701700,-6.860223,6.540781,-2.008372,-5.003597,0.353538
47483,220,0x6B,7.162915,-3.415754,4.530809,-0.078802,-4.210542,-1.780672
47486,221,0x6A,9.786645,-6.763313,6.780063,-2.038152,-5.003597,0.348040
47486,221,0x6B,7.673782,-3.288934,4.283153,-0.100640,-4.188245,-1.663691
47488,222,0x6A,9.717253,-6.540781,6.729814,-2.064114,-5.003597,0.351553
47488,222,0x6B,8.289934,-3.567699,4.267599,-0.146302,-4.170224,-1.559539
47491,223,0x6A,9.663414,-6.276374,6.689136,-2.097100,-5.003597,0.359341
47491,223,0x6B,8.740981,-3.808177,4.521238,-0.180969,-4.136321,-1.437213
47493,224,0x6A,9.613165,-6.035895,6.510870,-2.107332,-5.003597,0.379958
47493,224,0x6B,9.139386,-4.066602,4.536791,-0.258091,-4.128838,-1.387428
47611,225,0x6A,9.552149,-4.563113,-0.101695,-1.405754,-1.705383,0.524580
47611,225,0x6B,8.999406,-0.764507,5.422136,-0.140652,-2.917034,-0.491441
47613,226,0x6A,9.558130,-4.735396,-0.175872,-1.370934,-1.696373,0.520457
47613,226,0x6B,9.128618,-1.003789,6.418747,0.136987,-2.824641,-0.444404
47616,227,0x6A,9.373883,-4.989036,-0.161516,-1.351081,-1.689500,0.534354
47616,227,0x6B,10.006784,-1.055235,6.089734,0.310167,-2.794861,-0.478307
47618,228,0x6A,8.932407,-5.168497,-0.257228,-1.330006,-1.686752,0.566883
47618,228,0x6B,10.734202,0.212961,4.163511,0.448681,-2.775466,-0.600022
47621,229,0x6A,9.065208,-5.649454,-0.411566,-1.317789,-1.685225,0.556498
47621,229,0x6B,10.553544,0.946361,4.688736,0.599106,-2.539214,-0.639729
47623,230,0x6A,8.725428,-5.583652,-0.334995,-1.289842,-1.694540,0.559705
47623,230,0x6B,8.292327,1.971686,9.181261,0.626290,-2.481334,-0.647823
47626,231,0x6A,8.766106,-5.668597,-0.185444,-1.267698,-1.680796,0.552986
47626,231,0x6B,10.488937,0.812363,0.674776,0.600175,-2.376113,-0.664011
47628,232,0x6A,8.738589,-5.650651,-0.074178,-1.253648,-1.672702,0.554360
47628,232,0x6B,9.646665,2.199004,7.685747,0.838565,-2.173917,-0.644310
47631,233,0x6A,8.431110,-5.503492,-0.034696,-1.252579,-1.656056,0.541532
47631,233,0x6B,9.614362,0.293121,1.180858,0.702342,-2.154674,-0.605367
47633,234,0x6A,8.514859,-5.544170,0.039482,-1.231504,-1.619709,0.521068
47633,234,0x6B,10.228121,0.574277,6.179464,0.984562,-1.951867,-0.572533
47636,235,0x6A,8.136793,-5.332406,0.179462,-1.195005,-1.578018,0.498619
47636,235,0x6B,10.506885,-0.674776,2.931208,0.914771,-1.934763,-0.580933
47638,236,0x6A,8.427522,-5.252246,0.358923,-1.160949,-1.532203,0.482431
47638,236,0x6B,9.833304,-0.230907,6.229714,1.160797,-1.751809,-0.567647
47641,237,0x6A,8.446664,-5.125426,0.642473,-1.139874,-1.486082,0.475406
47641,237,0x6B,10.569098,-0.922433,2.188236,1.092533,-1.842522,-0.579253
47643,238,0x6A,8.548359,-4.900501,0.707079,-1.129795,-1.438893,0.501368
47643,238,0x6B,8.321041,0.751346,4.414758,1.295034,-1.705994,-0.555429
47646,239,0x6A,8.633304,-4.789234,0.732204,-1.094823,-1.361771,0.517403
47646,239,0x6B,8.480165,-0.470190,-2.050649,1.030071,-1.345278,-0.572533
47648,240,0x6A,8.687142,-4.728218,0.729811,-1.065960,-1.306793,0.530995
47648,240,0x6B,7.828120,-2.855834,6.849455,1.222036,-1.141096,-0.528246
47651,241,0x6A,8.812767,-4.840680,0.745364,-1.031751,-1.241278,0.533896
47651,241,0x6B,10.053444,-3.401397,6.256035,1.565953,-1.196380,-0.522137
47653,242,0x6A,8.853443,-4.977071,0.711865,-1.001361,-1.171487,0.541074
47653,242,0x6B,11.334801,-1.611566,6.778867,1.882534,-1.211651,-0.460440
47656,243,0x6A,8.791230,-5.060820,0.746561,-0.967305,-1.104903,0.552528
47656,243,0x6B,11.522637,0.183051,5.167301,2.048689,-1.248608,-0.271835
47658,244,0x6A,9.086744,-5.186443,0.751346,-0.934624,-1.036944,0.552986
47658,244,0x6B,11.909080,0.390030,3.761517,1.928502,-1.283581,-0.087048
47661,245,0x6A,8.786446,-5.108676,0.978664,-0.910800,-0.980286,0.564592
47661,245,0x6B,11.749955,-0.874577,2.831906,1.808772,-1.238529,-0.018021
47663,246,0x6A,9.225528,-5.151748,0.989432,-0.890183,-0.916603,0.587805
47663,246,0x6B,11.450852,-1.397408,3.589234,1.636966,-1.243722,-0.058185
47666,247,0x6A,9.565309,-5.405386,0.999003,-0.865749,-0.808786,0.593761
47666,247,0x6B,11.777473,-1.269392,2.376073,1.527927,-1.216080,-0.116675
47668,248,0x6A,9.292527,-5.426922,0.932004,-0.885602,-0.735329,0.598190
47668,248,0x6B,11.849257,-0.967897,1.586441,1.458288,-1.174388,-0.160963
47671,249,0x6A,9.308080,-5.456832,0.882952,-0.902248,-0.666149,0.613920
47671,249,0x6B,11.736795,-1.146162,1.450051,1.365284,-1.048550,-0.215635
47673,250,0x6A,9.158529,-5.602794,0.679562,-0.894154,-0.600175,0.630107
47673,250,0x6B,11.684154,-1.027717,1.209572,1.339780,-0.992198,-0.266185
47676,251,0x6A,9.174082,-5.892326,0.401994,-0.856891,-0.553291,0.632856
47676,251,0x6B,11.133803,-0.727418,2.496910,1.302670,-0.917825,-0.301462
47678,252,0x6A,9.336794,-6.101698,0.222532,-0.817796,-0.524122,0.625221
47678,252,0x6B,11.201999,-0.807578,1.892723,1.079399,-0.904997,-0.335212
47795,253,0x6A,8.120044,-5.885147,-0.888934,-0.303447,0.254578,0.506560
47795,253,0x6B,7.344769,-7.806584,4.552345,0.231060,-0.049327,-0.474795
47798,254,0x6A,8.260024,-5.964110,-0.982254,-0.294284,0.268628,0.507476
47798,254,0x6B,5.192425,-4.735396,2.537588,0.406225,-0.376598,-0.545197
47800,255,0x6A,8.409575,-6.021538,-1.130609,-0.280693,0.272140,0.496633
47800,255,0x6B,8.514859,4.554738,1.795813,0.364839,-0.543670,-0.419817
47803,256,0x6A,8.464610,-5.959325,-1.190429,-0.273820,0.269697,0.481515
47803,256,0x6B,8.365308,3.722036,0.726222,0.204640,-0.574061,-0.115912
47805,257,0x6A,8.595018,-5.940182,-1.195215,-0.283594,0.266032,0.464410
47805,257,0x6B,8.177471,1.255036,-1.277767,0.160505,-0.573144,0.098502
47808,258,0x6A,8.609376,-5.876772,-1.263410,-0.289245,0.258854,0.445779
47808,258,0x6B,9.186046,0.429512,-2.179861,0.172569,-0.463494,0.198226
47810,259,0x6A,8.598608,-5.843273,-1.304088,-0.287412,0.246026,0.424246
47810,259,0x6B,8.967103,-0.367298,3.019742,0.232587,-0.372322,0.215025
47813,260,0x6A,8.614162,-5.772685,-1.312463,-0.275806,0.226784,0.397521
47813,260,0x6B,8.950354,-0.943969,2.124826,0.211207,-0.510531,0.192881
47815,261,0x6A,8.604589,-5.637490,-1.332802,-0.268933,0.200517,0.368352
47815,261,0x6B,9.366704,-0.373280,1.751546,0.239154,-0.615447,0.193339
47818,262,0x6A,8.630911,-5.481957,-1.313660,-0.257174,0.176387,0.336434
47818,262,0x6B,9.272187,-0.355334,0.477368,0.158672,-0.663247,0.244499
47820,263,0x6A,8.645268,-5.252246,-1.227518,-0.246484,0.155160,0.306196
47820,263,0x6B,8.883354,0.224925,0.922433,0.118661,-0.677908,0.305127
47823,264,0x6A,8.547162,-5.146961,-1.159323,-0.228922,0.135765,0.268323
47823,264,0x6B,8.813962,0.281157,0.502493,0.040775,-0.693485,0.362090
47825,265,0x6A,8.427522,-5.050053,-1.188036,-0.189368,0.103084,0.201738
47825,265,0x6B,8.840283,-0.076570,0.023928,-0.043677,-0.706466,0.401033
47828,266,0x6A,8.468199,-4.858626,-1.093520,-0.157145,0.083841,0.156992
47828,266,0x6B,8.950354,-0.407976,-0.378066,-0.131031,-0.693943,0.420428
47830,267,0x6A,8.447861,-4.800003,-0.987039,-0.133779,0.067959,0.114079
47830,267,0x6B,8.666803,-0.334995,-0.587438,-0.210749,-0.669356,0.443488
47833,268,0x6A,8.404789,-4.840680,-0.958325,-0.116828,0.062919,0.082467
47833,268,0x6B,8.210971,1.594816,-1.024128,-0.339183,-0.583071,0.473268
47835,269,0x6A,8.356933,-4.914857,-0.951147,-0.096364,0.060170,0.042608
47835,269,0x6B,6.614958,-0.914058,0.229711,-0.388205,-0.522901,0.504880
47838,270,0x6A,8.359326,-4.937590,-0.928415,-0.074831,0.066432,0.006414
47838,270,0x6B,8.166704,-1.033700,2.142773,-0.368046,-0.434020,0.474490
47840,271,0x6A,8.353344,-4.969893,-0.872184,-0.062919,0.075289,-0.021991
47840,271,0x6B,9.226725,0.669990,3.052045,-0.150426,-0.449902,0.592081
47843,272,0x6A,8.355738,-5.034499,-0.818345,-0.052993,0.088881,-0.048411
47843,272,0x6B,8.597412,0.279960,2.567499,-0.088728,-0.538630,0.789849
47845,273,0x6A,8.330612,-4.930411,-0.872184,-0.049022,0.109650,-0.080176
47845,273,0x6B,8.185846,1.213161,2.155933,0.014966,-0.615905,0.953255
47848,274,0x6A,8.271988,-4.863412,-0.814756,-0.044746,0.128129,-0.108734
47848,274,0x6B,7.909475,-0.346959,1.642673,-0.128587,-0.658360,1.029002
47850,275,0x6A,8.237292,-4.808377,-0.940379,-0.045204,0.168904,-0.130572
47850,275,0x6B,8.374879,-0.969093,1.071985,-0.261603,-0.683253,1.056797
47853,276,0x6A,8.141579,-4.724628,-0.991825,-0.035277,0.198837,-0.152869
47853,276,0x6B,8.727820,-0.845863,0.364905,-0.310930,-0.653626,1.071458
47855,277,0x6A,8.124829,-4.693522,-1.015753,-0.034667,0.231976,-0.173944
47855,277,0x6B,8.791230,-0.811167,-0.445065,-0.334601,-0.581849,1.082606
47858,278,0x6A,8.137990,-4.668397,-1.052842,-0.044440,0.264963,-0.191354
47858,278,0x6B,8.677571,-0.686740,-0.300299,-0.343459,-0.493274,1.095892
47860,279,0x6A,8.188239,-4.575077,-1.189233,-0.048258,0.297186,-0.203724
47860,279,0x6B,8.696713,-0.513260,0.275175,-0.363007,-0.433562,1.111164
47863,280,0x6A,8.228917,-4.559524,-1.381855,-0.054672,0.327424,-0.215941
47863,280,0x6B,8.932407,-0.344566,0.778864,-0.376446,-0.394161,1.133308
47865,281,0x6A,8.260024,-4.573880,-1.519442,-0.052229,0.367588,-0.241292
47865,281,0x6B,9.093923,-1.590031,3.913461,0.183718,-0.134085,-0.109345
47982,282,0x6A,8.303095,-5.698507,-0.910469,-0.274126,-0.070555,-0.001527
47982,282,0x6B,9.108279,-2.021935,0.777667,0.209832,-0.223271,-0.186619
47985,283,0x6A,8.268398,-5.710472,-0.859023,-0.245873,-0.088728,-0.026267
47985,283,0x6B,9.244671,-1.361516,-0.988236,0.198073,-0.241903,-0.206778
47987,284,0x6A,8.221739,-5.679365,-0.830309,-0.223882,-0.103694,-0.049022
47987,284,0x6B,9.207582,-0.589831,-0.549153,0.183260,-0.227700,-0.182954
47990,285,0x6A,8.165507,-5.696114,-0.732204,-0.198073,-0.109039,-0.072846
47990,285,0x6B,8.999406,-0.064606,-0.184247,0.129503,-0.215330,-0.139430
47992,286,0x6A,8.117651,-5.791827,-0.695115,-0.177762,-0.104305,-0.089034
47992,286,0x6B,8.941978,-0.754936,-0.222532,0.079718,-0.195019,-0.092393
47995,287,0x6A,8.047063,-5.834898,-0.650848,-0.153174,-0.099418,-0.104305
47995,287,0x6B,8.941978,-1.513460,-0.526421,0.054367,-0.158520,-0.095600
47997,288,0x6A,7.958529,-5.889933,-0.597009,-0.134543,-0.091172,-0.120035
47997,288,0x6B,8.941978,-1.592423,0.497707,0.035736,-0.128129,-0.118661
48000,289,0x6A,7.972885,-5.882755,-0.525225,-0.106749,-0.077122,-0.124769
48000,289,0x6B,9.121439,-1.316052,0.087338,0.031918,-0.116828,-0.131641
48002,290,0x6A,7.950153,-5.892326,-0.538385,-0.094379,-0.063377,-0.129656
48002,290,0x6B,9.098708,-1.239482,-0.055035,0.024893,-0.115912,-0.121715
48005,291,0x6A,7.919046,-6.004788,-0.610170,-0.085063,-0.050702,-0.137750
48005,291,0x6B,9.056834,-1.172483,0.203390,0.026725,-0.120799,-0.099571
48007,292,0x6A,7.885547,-6.052645,-0.751346,-0.071777,-0.035736,-0.142026
48007,292,0x6B,9.035297,-1.127020,0.289532,0.028253,-0.129962,-0.087201
48010,293,0x6A,7.875976,-6.056234,-0.786042,-0.056658,-0.018631,-0.142637
48010,293,0x6B,9.120243,-1.127020,0.217747,0.036041,-0.128434,-0.074526
48012,294,0x6A,7.904690,-6.175875,-0.799203,-0.038790,-0.002291,-0.141568
48012,294,0x6B,9.131012,-1.177269,-0.013161,0.050702,-0.117592,-0.068264
48015,295,0x6A,7.926225,-6.190232,-0.764507,-0.026114,0.013134,-0.134390
48015,295,0x6B,9.119048,-1.107877,-0.063410,0.057116,-0.112094,-0.060628
48017,296,0x6A,7.920243,-6.259624,-0.728615,-0.018021,0.023976,-0.124769
48017,296,0x6B,9.181261,-1.056431,-0.116052,0.051618,-0.110108,-0.058185
48020,297,0x6A,7.896315,-6.258428,-0.692722,-0.005345,0.041081,-0.102931
48020,297,0x6B,9.360723,-1.103091,-0.096909,0.035125,-0.103236,-0.057116
48022,298,0x6A,7.858030,-6.283552,-0.711865,0.000458,0.050549,-0.090561
48022,298,0x6B,9.397811,-0.982254,-0.123230,0.023976,-0.096211,-0.060934
48025,299,0x6A,7.828120,-6.276374,-0.748953,0.013134,0.056047,-0.077274
48025,299,0x6B,9.383454,-1.131805,0.028714,-0.001222,-0.097433,-0.058185
48027,300,0x6A,7.819745,-6.266803,-0.787239,0.021075,0.056963,-0.067348
48027,300,0x6B,9.376275,-1.118644,0.044267,-0.024893,-0.095600,-0.065210
48030,301,0x6A,7.842476,-6.258428,-0.855434,0.039706,0.054214,-0.060170
48030,301,0x6B,9.396614,-1.106680,0.026321,-0.049786,-0.097433,-0.071624
48032,302,0x6A,7.905886,-6.276374,-0.879362,0.050396,0.054062,-0.052382
48032,302,0x6B,9.448061,-1.100698,-0.004786,-0.057574,-0.096975,-0.074373
48035,303,0x6A,7.960921,-6.321837,-0.927219,0.060781,0.049327,-0.046273
48035,303,0x6B,9.365508,-1.125823,0.027517,-0.069639,-0.100182,-0.078496
48037,304,0x6A,7.957332,-6.445068,-1.074377,0.062461,0.045357,-0.030696
48037,304,0x6B,9.381062,-1.079163,0.081356,-0.082314,-0.101862,-0.084758
48040,305,0x6A,7.946565,-6.465407,-1.159323,0.062766,0.032223,-0.019853
48040,305,0x6B,9.438489,-1.082752,0.009571,-0.090103,-0.104763,-0.085674
48042,306,0x6A,7.956135,-6.460621,-1.225125,0.053145,0.032070,-0.008552
48042,306,0x6B,9.372686,-1.060021,0.023928,-0.098044,-0.093310,-0.088728
48045,307,0x6A,7.981260,-6.465407,-1.235893,0.039248,0.029627,0.003360
48045,307,0x6B,9.352347,-1.094716,0.084945,-0.106901,-0.090866,-0.093157
48047,308,0x6A,7.959724,-6.416354,-1.249053,0.027642,0.025809,0.019090
48047,308,0x6B,9.336794,-1.140180,0.102891,-0.112857,-0.089492,-0.095753
48050,309,0x6A,7.940582,-6.358926,-1.331606,0.010537,0.028253,0.026573
48050,309,0x6B,9.152547,-1.451247,0.184247,0.006567,-0.048258,-0.285885
48168,310,0x6A,7.628319,-5.391029,-1.546960,-0.169821,-0.024435,0.187077
48168,310,0x6B,9.242277,-1.408176,0.238086,-0.002291,-0.046731,-0.265879
48171,311,0x6A,7.678568,-5.544170,-1.470389,-0.151800,-0.027947,0.191659
48171,311,0x6B,9.343972,-1.456033,0.210568,-0.005956,-0.063835,-0.246026
48173,312,0x6A,7.712068,-5.601598,-1.471586,-0.127976,-0.027336,0.199600
48173,312,0x6B,9.469596,-1.453640,0.138784,-0.012370,-0.062461,-0.229991
48176,313,0x6A,7.759924,-5.654240,-1.442872,-0.116217,-0.024740,0.208458
48176,313,0x6B,9.471989,-1.436890,0.167498,-0.018479,-0.060476,-0.216399
48178,314,0x6A,7.682157,-5.688936,-1.423730,-0.116523,-0.014661,0.222355
48178,314,0x6B,9.513863,-1.427319,0.271585,-0.018021,-0.056963,-0.205251
48181,315,0x6A,7.566105,-5.649454,-1.451247,-0.108581,-0.001374,0.230296
48181,315,0x6B,9.485149,-1.442872,0.390030,-0.017715,-0.057421,-0.198226
48183,316,0x6A,7.497910,-5.639884,-1.396212,-0.103542,0.017104,0.244652
48183,316,0x6B,9.592826,-1.456033,0.418744,-0.016341,-0.053909,-0.194713
48186,317,0x6A,7.475178,-5.568099,-1.270589,-0.094837,0.037721,0.263436
48186,317,0x6B,9.540184,-1.371087,0.466600,-0.012065,-0.053603,-0.193644
48188,318,0x6A,7.534998,-5.617151,-1.191626,-0.094990,0.062614,0.279624
48188,318,0x6B,9.500702,-1.342373,0.553938,0.008247,-0.043524,-0.186772
48191,319,0x6A,7.636693,-5.617151,-1.197608,-0.102473,0.090408,0.298713
48191,319,0x6B,9.510273,-1.304088,0.573081,0.025656,-0.043219,-0.177762
48193,320,0x6A,7.436893,-5.600402,-1.252643,-0.122478,0.111483,0.339794
48193,320,0x6B,9.456435,-1.216750,0.532403,0.046273,-0.039095,-0.169973
48196,321,0x6A,7.426126,-5.540581,-1.473979,-0.123089,0.125227,0.341016
48196,321,0x6B,9.432507,-1.198804,0.501296,0.064294,-0.034208,-0.159130
48198,322,0x6A,7.496713,-5.418547,-1.694118,-0.114843,0.128282,0.360105
48198,322,0x6B,9.403793,-1.158126,0.528814,0.079871,-0.029780,-0.148440
48201,323,0x6A,7.576873,-5.375476,-1.767099,-0.106749,0.120646,0.375377
48201,323,0x6B,9.473186,-1.178465,0.496511,0.091324,-0.022449,-0.140041
48203,324,0x6A,7.578069,-5.284549,-1.853241,-0.096822,0.094073,0.387441
48203,324,0x6B,9.468399,-1.243071,0.461815,0.103236,-0.019395,-0.134238
48206,325,0x6A,7.673782,-5.326423,-1.977668,-0.080940,0.058490,0.392328
48206,325,0x6B,9.536594,-1.202393,0.369691,0.110414,-0.013592,-0.129809
48208,326,0x6A,7.799405,-5.325227,-1.960918,-0.061087,0.024893,0.402407
48208,326,0x6B,9.602398,-1.152144,0.308674,0.114537,-0.008705,-0.126449
48211,327,0x6A,7.889136,-5.212764,-1.768296,-0.050702,-0.009163,0.411876
48211,327,0x6B,9.617950,-1.054038,0.294317,0.112857,-0.008094,-0.122478
48213,328,0x6A,7.994421,-5.204389,-1.750350,-0.042761,-0.047647,0.407142
48213,328,0x6B,9.609575,-1.061217,0.244068,0.112857,0.001680,-0.119271
48216,329,0x6A,7.974082,-5.048856,-1.724029,-0.034819,-0.069180,0.398284
48216,329,0x6B,9.658628,-1.077967,0.217747,0.109345,0.013134,-0.115912
48218,330,0x6A,8.108080,-4.960321,-1.613959,-0.025962,-0.084299,0.371101
48218,330,0x6B,9.690931,-1.085145,0.234497,0.110567,0.019395,-0.117897
48221,331,0x6A,8.155936,-4.954340,-1.610370,-0.017104,-0.099571,0.347430
48221,331,0x6B,9.719646,-0.990629,0.260818,0.113316,0.022144,-0.118508
48223,332,0x6A,8.353344,-4.980660,-1.652244,-0.010843,-0.123547,0.319788
48223,332,0x6B,9.789038,-1.020539,0.256032,0.118508,0.022602,-0.121715
48226,333,0x6A,8.455039,-4.985446,-1.713261,0.006720,-0.152716,0.292452
48226,333,0x6B,9.838090,-1.061217,0.281157,0.123242,0.028558,-0.127671
48228,334,0x6A,8.498111,-4.953143,-1.782653,0.024282,-0.186619,0.263283
48228,334,0x6B,9.853643,-1.007378,0.282353,0.136987,0.020922,-0.133169
48231,335,0x6A,8.428718,-5.015357,-1.877169,0.048869,-0.221591,0.225104
48231,335,0x6B,9.860823,-1.079163,0.263210,0.149204,0.022602,-0.141873
48233,336,0x6A,8.474181,-5.089534,-1.873580,0.065515,-0.262672,0.165392
48233,336,0x6B,9.857233,-1.076770,0.208176,0.164781,0.022755,-0.153327
48236,337,0x6A,8.367702,-5.206782,-1.887937,0.083689,-0.282372,0.132252
48236,337,0x6B,9.918250,-1.070788,0.196211,0.179747,0.017868,-0.162796
48354,338,0x6A,7.812566,-5.943771,-1.663012,-0.157451,-0.014813,0.081245
48354,338,0x6B,9.810574,-0.924826,0.447458,-0.086132,-0.093004,0.172264
48357,339,0x6A,7.956135,-5.937789,-1.625923,-0.167377,-0.020311,0.088117
48357,339,0x6B,9.891929,-0.902094,0.490529,-0.086590,-0.082925,0.163254
48359,340,0x6A,7.780263,-5.849255,-1.806581,-0.183565,-0.024282,0.084910
48359,340,0x6B,9.893125,-0.905683,0.512064,-0.086285,-0.074831,0.155160
48362,341,0x6A,7.777870,-5.834898,-1.745564,-0.176693,-0.036194,0.068875
48362,341,0x6B,9.946964,-0.967897,0.599402,-0.078649,-0.066279,0.143401
48364,342,0x6A,7.741978,-5.860023,-1.709672,-0.156534,-0.046273,0.060781
48364,342,0x6B,9.961321,-0.961915,0.672383,-0.071013,-0.052840,0.130725
48367,343,0x6A,7.708478,-5.820541,-1.585245,-0.143553,-0.054672,0.051618
48367,343,0x6B,10.004392,-0.911665,0.775275,-0.057421,-0.049327,0.115759
48369,344,0x6A,7.683353,-5.796613,-1.450051,-0.138514,-0.061392,0.043219
48369,344,0x6B,10.000803,-0.893719,0.854238,-0.040317,-0.046884,0.097128
48372,345,0x6A,7.641479,-5.837291,-1.393819,-0.132405,-0.064752,0.037263
48372,345,0x6B,10.035498,-0.942772,0.866202,-0.016493,-0.041997,0.084758
48374,346,0x6A,7.579266,-5.903093,-1.308874,-0.123089,-0.065363,0.025962
48374,346,0x6B,10.100105,-0.960718,0.844666,0.001069,-0.038790,0.079107
48377,347,0x6A,7.540980,-5.978468,-1.281357,-0.112246,-0.062003,0.017562
48377,347,0x6B,10.124033,-0.991825,0.830309,0.016646,-0.034972,0.067501
48379,348,0x6A,7.514659,-6.027520,-1.310070,-0.099418,-0.060323,0.014966
48379,348,0x6B,10.135996,-1.042074,0.774078,0.030543,-0.030238,0.054062
48382,349,0x6A,7.440482,-6.062216,-1.296910,-0.091324,-0.058796,0.015577
48382,349,0x6B,10.127622,-1.007378,0.756132,0.043830,-0.020617,0.042150
48384,350,0x6A,7.421340,-6.153143,-1.372284,-0.073609,-0.051924,0.014966
48384,350,0x6B,10.065408,-1.003789,0.744168,0.056352,-0.011301,0.031918
48387,351,0x6A,7.402197,-6.186643,-1.349552,-0.069791,-0.050549,0.014966
48387,351,0x6B,10.055838,-1.027717,0.764507,0.060628,-0.004581,0.023366
48389,352,0x6A,7.440482,-6.154340,-1.270589,-0.059559,-0.048717,0.019548
48389,352,0x6B,10.060623,-1.006182,0.744168,0.061087,-0.003665,0.016341
48392,353,0x6A,7.426126,-6.216553,-1.211965,-0.051924,-0.046731,0.025351
48392,353,0x6B,10.031909,-1.045663,0.702293,0.063835,0.008094,0.009163
48394,354,0x6A,7.391429,-6.210571,-1.190429,-0.041692,-0.041692,0.036194
48394,354,0x6B,10.009178,-1.030110,0.713061,0.065668,0.011454,0.004123
48397,355,0x6A,7.409376,-6.259624,-1.246661,-0.033292,-0.038485,0.045204
48397,355,0x6B,10.021142,-1.012164,0.748953,0.069944,0.021228,0.007789
48399,356,0x6A,7.391429,-6.281160,-1.336391,-0.010996,-0.034972,0.051465
48399,356,0x6B,9.990034,-1.055235,0.705883,0.073915,0.017410,0.005803
48402,357,0x6A,7.430911,-6.270391,-1.314856,-0.002596,-0.031154,0.066126
48402,357,0x6B,9.969696,-1.075574,0.735793,0.074678,0.016188,0.005498
48404,358,0x6A,7.471589,-6.282356,-1.326820,0.006567,-0.026114,0.070860
48404,358,0x6B,9.999606,-1.079163,0.707079,0.082009,0.012828,0.008858
48407,359,0x6A,7.451250,-6.299106,-1.329213,0.017104,-0.024893,0.075595
48407,359,0x6B,10.035498,-1.103091,0.673580,0.087048,0.012981,0.009316
48409,360,0x6A,7.511070,-6.270391,-1.360320,0.013439,-0.029474,0.079718
48409,360,0x6B,10.058230,-1.136591,0.604188,0.093310,0.012370,0.012065
48412,361,0x6A,7.501499,-6.156733,-1.298106,0.022907,-0.032376,0.088728
48412,361,0x6B,10.095320,-1.116252,0.552742,0.097280,0.008094,0.012523
48414,362,0x6A,7.523034,-6.016753,-1.322034,0.025809,-0.029780,0.088575
48414,362,0x6B,10.094122,-1.118644,0.471386,0.098197,-0.001069,0.011301
48417,363,0x6A,7.456036,-5.952147,-1.312463,0.030085,-0.028100,0.095142
48417,363,0x6B,10.159925,-1.092324,0.410369,0.102778,-0.001069,0.010996
48419,364,0x6A,7.445268,-5.910272,-1.307678,0.033139,-0.025962,0.097586
48419,364,0x6B,10.171889,-1.061217,0.358923,0.100487,-0.007178,0.009927
48422,365,0x6A,7.496713,-5.881558,-1.302892,0.054214,-0.026267,0.094379
48422,365,0x6B,10.198210,-1.019342,0.348156,0.092699,-0.017715,0.008705
48424,366,0x6A,7.484749,-5.935397,-1.283749,0.078802,-0.028711,0.095906
48424,366,0x6B,10.304690,-0.598206,1.099502,0.354149,0.286954,-0.501368
48628,367,0x6A,7.319644,-6.466603,-1.083949,0.135765,-0.013897,0.147829
48628,367,0x6B,10.242477,-0.592224,1.085145,0.373239,0.293979,-0.513127
48631,368,0x6A,7.304091,-6.510870,-0.983450,0.140957,-0.008858,0.149204
48631,368,0x6B,10.201799,-0.608973,0.978664,0.390954,0.304669,-0.520457
48633,369,0x6A,7.310073,-6.472586,-0.914058,0.140041,0.002902,0.153174
48633,369,0x6B,10.133603,-0.647258,0.881755,0.404546,0.307112,-0.525955
48636,370,0x6A,7.276574,-6.392426,-0.824327,0.139430,0.018326,0.159894
48636,370,0x6B,10.080962,-0.629312,0.821935,0.419054,0.312916,-0.530536
48638,371,0x6A,7.355537,-6.348159,-0.800399,0.139888,0.036957,0.157909
48638,371,0x6B,9.975677,-0.634098,0.655633,0.428369,0.309556,-0.530078
48641,372,0x6A,7.339984,-6.252446,-0.803988,0.134238,0.059254,0.155160
48641,372,0x6B,9.829715,-0.594616,0.565903,0.433103,0.317039,-0.528093
48643,373,0x6A,7.391429,-6.192625,-0.937986,0.136834,0.076053,0.147066
48643,373,0x6B,9.749557,-0.594616,0.407976,0.431882,0.309709,-0.515723
48646,374,0x6A,7.427322,-6.106483,-0.951147,0.141873,0.094226,0.136834
48646,374,0x6B,9.602398,-0.597009,0.288335,0.423482,0.307571,-0.504117
48648,375,0x6A,7.380661,-6.098108,-0.970290,0.164781,0.119119,0.123242
48648,375,0x6B,9.564113,-0.579063,0.218943,0.413403,0.303295,-0.495870
48651,376,0x6A,7.381858,-6.089734,-0.978664,0.171806,0.137292,0.119882
48651,376,0x6B,9.530612,-0.613759,0.104088,0.403782,0.301615,-0.481515
48653,377,0x6A,7.395019,-6.113662,-0.978664,0.183718,0.153174,0.115454
48653,377,0x6B,9.409776,-0.575474,0.009571,0.383776,0.292757,-0.468381
48656,378,0x6A,7.445268,-6.160322,-1.055235,0.184787,0.165392,0.105985
48656,378,0x6B,9.372686,-0.573081,-0.052642,0.359494,0.283900,-0.450819
48658,379,0x6A,7.491928,-6.179464,-1.099502,0.189063,0.175166,0.102014
48658,379,0x6B,9.339188,-0.583849,-0.102891,0.334601,0.273057,-0.429896
48661,380,0x6A,7.515856,-6.263213,-1.156930,0.189063,0.178067,0.095600
48661,380,0x6B,9.255438,-0.570688,-0.178265,0.303447,0.261603,-0.408058
48663,381,0x6A,7.462018,-6.331409,-1.170090,0.186008,0.189979,0.100945
48663,381,0x6B,9.243474,-0.558724,-0.195015,0.269850,0.246942,-0.386678
48666,382,0x6A,7.363912,-6.392426,-1.144966,0.179900,0.199447,0.106596
48666,382,0x6B,9.212367,-0.592224,-0.264407,0.235183,0.225409,-0.364687
48668,383,0x6A,7.314859,-6.362515,-1.186840,0.168446,0.216552,0.121562
48668,383,0x6B,9.190832,-0.573081,-0.344566,0.199142,0.200669,-0.332922
48671,384,0x6A,7.207181,-6.308677,-1.259821,0.156992,0.222050,0.138361
48671,384,0x6B,9.180064,-0.534796,-0.350549,0.144622,0.187841,-0.310625
48673,385,0x6A,7.043273,-6.351748,-1.266999,0.148898,0.231671,0.153327
48673,385,0x6B,9.136993,-0.518046,-0.336192,0.111636,0.167530,-0.286801
48676,386,0x6A,6.880561,-6.514460,-1.237089,0.140346,0.244346,0.170737
48676,386,0x6B,9.113065,-0.516850,-0.357727,0.076511,0.156382,-0.263130
48678,387,0x6A,6.869793,-6.537192,-1.147359,0.129045,0.260992,0.202196
48678,387,0x6B,9.074780,-0.479761,-0.299103,0.042913,0.139125,-0.239917
48681,388,0x6A,6.976274,-6.669993,-0.991825,0.113163,0.283289,0.233656
48681,388,0x6B,9.058030,-0.512064,-0.253639,0.005803,0.129198,-0.214872
48683,389,0x6A,7.024131,-6.744170,-0.959522,0.090713,0.313527,0.253967
48683,389,0x6B,9.056834,-0.508475,-0.217747,-0.025656,0.107970,-0.190132
48686,390,0x6A,6.758527,-6.789635,-0.788435,0.063835,0.343154,0.294284
48686,390,0x6B,9.037691,-0.514457,-0.189033,-0.055283,0.098502,-0.170890
48688,391,0x6A,6.576674,-6.808777,-0.711865,0.041997,0.399964,0.356134
48688,391,0x6B,9.043673,-0.473779,-0.138784,-0.083536,0.084147,-0.149967
48691,392,0x6A,6.501299,-6.825527,-0.471386,0.031612,0.439212,0.385303
48691,392,0x6B,9.048459,-0.447458,-0.016750,-0.109650,0.082467,-0.133016
48693,393,0x6A,6.327819,-6.752545,-0.260818,0.038026,0.479987,0.415694
48693,393,0x6B,8.991032,-0.449851,0.080160,-0.130420,0.077580,-0.109039
48696,394,0x6A,6.058627,-6.684350,-0.010768,0.020006,0.550390,0.438143
48696,394,0x6B,8.962317,-0.421137,0.232104,-0.152716,0.075136,-0.098502
